,CA,TX,FL
1986-02-01,,22574.0,
1986-02-08,75972.0,19638.0,
1986-02-15,54595.0,19819.0,7266.0
1986-02-22,68513.0,16404.0,7273.0
1986-03-01,65424.0,20129.0,7054.0
1986-03-08,66436.0,20292.0,7577.0
1986-03-15,70088.0,20395.0,7437.0
1986-03-22,69120.0,20286.0,7019.0
1986-03-29,56779.0,19945.0,6844.0
1986-04-05,57248.0,21189.0,8050.0
1986-04-12,54856.0,23558.0,8386.0
1986-04-19,51971.0,22023.0,7660.0
1986-04-26,51725.0,19051.0,7004.0
1986-05-03,52925.0,21091.0,7201.0
1986-05-10,57000.0,21851.0,7742.0
1986-05-17,48976.0,19106.0,7559.0
1986-05-24,46405.0,20386.0,7276.0
1986-05-31,38163.0,15409.0,5896.0
1986-06-07,52005.0,20577.0,8387.0
1986-06-14,49643.0,19206.0,8394.0
1986-06-21,56691.0,18876.0,8549.0
1986-06-28,54889.0,19220.0,8633.0
1986-07-05,47832.0,18829.0,9693.0
1986-07-12,51118.0,21523.0,11127.0
1986-07-19,50743.0,20243.0,4204.0
1986-07-26,52041.0,18719.0,7924.0
1986-08-02,50250.0,19096.0,7504.0
1986-08-09,52086.0,20362.0,7493.0
1986-08-16,45307.0,19656.0,6939.0
1986-08-23,47616.0,19137.0,7446.0
1986-08-30,43609.0,17780.0,6632.0
1986-09-06,58699.0,16817.0,6461.0
1986-09-13,47514.0,22886.0,7303.0
1986-09-20,50027.0,20139.0,7262.0
1986-09-27,50565.0,20422.0,6704.0
1986-10-04,49910.0,20998.0,7314.0
1986-10-11,51881.0,22144.0,7203.0
1986-10-18,45287.0,21537.0,6489.0
1986-10-25,55341.0,21203.0,6773.0
1986-11-01,53426.0,20246.0,6871.0
1986-11-08,58560.0,20720.0,7292.0
1986-11-15,48903.0,17562.0,6266.0
1986-11-22,66270.0,22964.0,6992.0
1986-11-29,43430.0,15751.0,4285.0
1986-12-06,60261.0,21918.0,7290.0
1986-12-13,60711.0,21855.0,6531.0
1986-12-20,60765.0,20353.0,6620.0
1986-12-27,54607.0,16523.0,4281.0
1987-01-03,44887.0,14289.0,6107.0
1987-01-10,68898.0,27361.0,9088.0
1987-01-17,68145.0,24948.0,8216.0
1987-01-24,58492.0,22378.0,6407.0
1987-01-31,64568.0,20918.0,7106.0
1987-02-07,72071.0,22219.0,7668.0
1987-02-14,54451.0,20251.0,6875.0
1987-02-21,56222.0,16532.0,6291.0
1987-02-28,61177.0,21032.0,6442.0
1987-03-07,56918.0,19841.0,6531.0
1987-03-14,57885.0,18433.0,6796.0
1987-03-21,,18973.0,5675.0
1987-03-28,50249.0,16604.0,5819.0
1987-04-04,48366.0,17786.0,6656.0
1987-04-11,48003.0,17607.0,6778.0
1987-04-18,46969.0,16211.0,6331.0
1987-04-25,43910.0,14790.0,5885.0
1987-05-02,43739.0,18319.0,6468.0
1987-05-09,48358.0,16013.0,6754.0
1987-05-16,46701.0,16881.0,6320.0
1987-05-23,42300.0,16423.0,6770.0
1987-05-30,33020.0,12980.0,5469.0
1987-06-06,47893.0,17079.0,7847.0
1987-06-13,45134.0,16546.0,7705.0
1987-06-20,47060.0,15665.0,7382.0
1987-06-27,47371.0,14460.0,8066.0
1987-07-04,,17071.0,7769.0
1987-07-11,,16240.0,10690.0
1987-07-18,,15035.0,8599.0
1987-07-25,,14917.0,7181.0
1987-08-01,46914.0,13795.0,5893.0
1987-08-08,46900.0,15043.0,6933.0
1987-08-15,44001.0,14350.0,6093.0
1987-08-22,41102.0,14932.0,5951.0
1987-08-29,42530.0,13456.0,5952.0
1987-09-05,42201.0,14238.0,6376.0
1987-09-12,36633.0,11555.0,5214.0
1987-09-19,42642.0,14945.0,6114.0
1987-09-26,41570.0,14211.0,5333.0
1987-10-03,44095.0,14782.0,5381.0
1987-10-10,50233.0,19150.0,7585.0
1987-10-17,42574.0,14921.0,5485.0
1987-10-24,49858.0,14782.0,6228.0
1987-10-31,49262.0,15412.0,5843.0
1987-11-07,58334.0,15335.0,6686.0
1987-11-14,49298.0,13748.0,6002.0
1987-11-21,59126.0,18982.0,6446.0
1987-11-28,40062.0,11566.0,4301.0
1987-12-05,61607.0,17941.0,6773.0
1987-12-12,55646.0,16945.0,6061.0
1987-12-19,53021.0,15226.0,6224.0
1987-12-26,42990.0,12411.0,5129.0
1988-01-02,45887.0,15434.0,4642.0
1988-01-09,64535.0,18091.0,8701.0
1988-01-16,56699.0,20619.0,7503.0
1988-01-23,51369.0,18791.0,6479.0
1988-01-30,52103.0,17233.0,6980.0
1988-02-06,59015.0,,6648.0
1988-02-13,52550.0,16818.0,6375.0
1988-02-20,55975.0,13486.0,6355.0
1988-02-27,53034.0,16830.0,6394.0
1988-03-05,56883.0,14801.0,6503.0
1988-03-12,50988.0,15755.0,6315.0
1988-03-19,48614.0,14355.0,5885.0
1988-03-26,48896.0,13407.0,6009.0
1988-04-02,45144.0,11977.0,5605.0
1988-04-09,45835.0,14437.0,6882.0
1988-04-16,42793.0,13644.0,6500.0
1988-04-23,50390.0,13066.0,5818.0
1988-04-30,44752.0,12471.0,5798.0
1988-05-07,50858.0,13535.0,6488.0
1988-05-14,50180.0,12832.0,6992.0
1988-05-21,47872.0,12826.0,6482.0
1988-05-28,41614.0,13382.0,6696.0
1988-06-04,38798.0,10512.0,5924.0
1988-06-11,47450.0,13816.0,7850.0
1988-06-18,47180.0,12968.0,7605.0
1988-06-25,51387.0,12483.0,8049.0
1988-07-02,46765.0,13821.0,7393.0
1988-07-09,42148.0,12789.0,8489.0
1988-07-16,44240.0,15980.0,9916.0
1988-07-23,48818.0,14149.0,7720.0
1988-07-30,44815.0,13451.0,7373.0
1988-08-06,46726.0,13449.0,7114.0
1988-08-13,45568.0,13395.0,6551.0
1988-08-20,41793.0,12552.0,6524.0
1988-08-27,41370.0,13354.0,6393.0
1988-09-03,42640.0,13185.0,6632.0
1988-09-10,36468.0,12331.0,5204.0
1988-09-17,42359.0,14421.0,7357.0
1988-09-24,44941.0,12741.0,6315.0
1988-10-01,44040.0,12983.0,5707.0
1988-10-08,44655.0,14474.0,7272.0
1988-10-15,39110.0,14448.0,6883.0
1988-10-22,45634.0,14405.0,6390.0
1988-10-29,46058.0,14175.0,6216.0
1988-11-05,51960.0,14867.0,6540.0
1988-11-12,44948.0,12777.0,5825.0
1988-11-19,58592.0,17058.0,7356.0
1988-11-26,34489.0,10798.0,4280.0
1988-12-03,58101.0,16868.0,6560.0
1988-12-10,51635.0,16072.0,6622.0
1988-12-17,45559.0,14087.0,5972.0
1988-12-24,55890.0,16871.0,6306.0
1988-12-31,45655.0,10713.0,4350.0
1989-01-07,49646.0,15112.0,5489.0
1989-01-14,54091.0,19089.0,8302.0
1989-01-21,46667.0,16064.0,6270.0
1989-01-28,55400.0,16287.0,7144.0
1989-02-04,52461.0,15416.0,7384.0
1989-02-11,60148.0,14069.0,6963.0
1989-02-18,48656.0,15130.0,6340.0
1989-02-25,47121.0,12255.0,5720.0
1989-03-04,52372.0,13996.0,6550.0
1989-03-11,57492.0,13393.0,10072.0
1989-03-18,51643.0,12927.0,9316.0
1989-03-25,48103.0,11966.0,6676.0
1989-04-01,47544.0,10630.0,5807.0
1989-04-08,47367.0,13145.0,7759.0
1989-04-15,44622.0,13066.0,6646.0
1989-04-22,47544.0,12403.0,6496.0
1989-04-29,47971.0,11419.0,6591.0
1989-05-06,49951.0,9421.0,7331.0
1989-05-13,46887.0,13898.0,7153.0
1989-05-20,42751.0,11824.0,7681.0
1989-05-27,41605.0,11703.0,7804.0
1989-06-03,39089.0,10498.0,6755.0
1989-06-10,50264.0,13329.0,8713.0
1989-06-17,47456.0,12965.0,8564.0
1989-06-24,50245.0,12532.0,8551.0
1989-07-01,49268.0,12206.0,8813.0
1989-07-08,42000.0,10425.0,9236.0
1989-07-15,49573.0,16031.0,9520.0
1989-07-22,47656.0,14896.0,10262.0
1989-07-29,46585.0,13705.0,8189.0
1989-08-05,47810.0,12575.0,7506.0
1989-08-12,46964.0,13178.0,8952.0
1989-08-19,43796.0,12463.0,7556.0
1989-08-26,41089.0,12164.0,7115.0
1989-09-02,41324.0,12900.0,6629.0
1989-09-09,38215.0,11035.0,5981.0
1989-09-16,45068.0,15253.0,7908.0
1989-09-23,51056.0,14172.0,6630.0
1989-09-30,46281.0,12643.0,6595.0
1989-10-07,52820.0,14274.0,8660.0
1989-10-14,41635.0,14139.0,7322.0
1989-10-21,52306.0,15819.0,7315.0
1989-10-28,64204.0,15154.0,7107.0
1989-11-04,57644.0,14172.0,7444.0
1989-11-11,49200.0,14887.0,6494.0
1989-11-18,56203.0,15604.0,8173.0
1989-11-25,32781.0,15351.0,5149.0
1989-12-02,66469.0,15356.0,7780.0
1989-12-09,57641.0,16645.0,8186.0
1989-12-16,53074.0,15977.0,6856.0
1989-12-23,53582.0,16655.0,7468.0
1989-12-30,42918.0,15718.0,5562.0
1990-01-06,54834.0,11870.0,8951.0
1990-01-13,68101.0,18406.0,12415.0
1990-01-20,63169.0,19937.0,9301.0
1990-01-27,62371.0,17739.0,9804.0
1990-02-03,62079.0,17507.0,10224.0
1990-02-10,69000.0,18883.0,10146.0
1990-02-17,56319.0,15738.0,9514.0
1990-02-24,55476.0,13824.0,8431.0
1990-03-03,58622.0,14469.0,9755.0
1990-03-10,61882.0,15189.0,10225.0
1990-03-17,56683.0,15531.0,8871.0
1990-03-24,52302.0,13951.0,8292.0
1990-03-31,52272.0,12749.0,7689.0
1990-04-07,54967.0,13153.0,9211.0
1990-04-14,49556.0,13640.0,8642.0
1990-04-21,50969.0,12018.0,8511.0
1990-04-28,50506.0,13033.0,8414.0
1990-05-05,54604.0,11655.0,8989.0
1990-05-12,56830.0,12262.0,8818.0
1990-05-19,52504.0,11529.0,8528.0
1990-05-26,52386.0,13176.0,8808.0
1990-06-02,53382.0,10539.0,7140.0
1990-06-09,54552.0,12152.0,10398.0
1990-06-16,56015.0,12952.0,10183.0
1990-06-23,60987.0,12177.0,9968.0
1990-06-30,60074.0,13041.0,8873.0
1990-07-07,57179.0,12663.0,10447.0
1990-07-14,60293.0,13145.0,12901.0
1990-07-21,57151.0,13703.0,11039.0
1990-07-28,58494.0,12638.0,10103.0
1990-08-04,57486.0,13393.0,10232.0
1990-08-11,59786.0,13804.0,9841.0
1990-08-18,51504.0,12384.0,9443.0
1990-08-25,55914.0,12683.0,9003.0
1990-09-01,52818.0,11841.0,10655.0
1990-09-08,49842.0,12049.0,8858.0
1990-09-15,59733.0,12458.0,10624.0
1990-09-22,62165.0,12462.0,9515.0
1990-09-29,60825.0,12704.0,7897.0
1990-10-06,73549.0,13159.0,10689.0
1990-10-13,61139.0,14376.0,11521.0
1990-10-20,70871.0,15693.0,10984.0
1990-10-27,69095.0,16097.0,10674.0
1990-11-03,72864.0,14796.0,10071.0
1990-11-10,76929.0,16283.0,11625.0
1990-11-17,69020.0,17371.0,9030.0
1990-11-24,57942.0,14866.0,7875.0
1990-12-01,75832.0,15546.0,12173.0
1990-12-08,77780.0,18412.0,12853.0
1990-12-15,74612.0,17432.0,10420.0
1990-12-22,74759.0,18562.0,11530.0
1990-12-29,58952.0,11082.0,8862.0
1991-01-05,54092.0,11782.0,9427.0
1991-01-12,92765.0,22051.0,15416.0
1991-01-19,80666.0,24492.0,12714.0
1991-01-26,74681.0,19418.0,12300.0
1991-02-02,83305.0,18052.0,19892.0
1991-02-09,94033.0,18674.0,13757.0
1991-02-16,74051.0,16723.0,13541.0
1991-02-23,73060.0,15976.0,12372.0
1991-03-02,78871.0,14043.0,11875.0
1991-03-09,93387.0,14807.0,12656.0
1991-03-16,82543.0,13843.0,11217.0
1991-03-23,89153.0,14403.0,10484.0
1991-03-30,81928.0,15344.0,9734.0
1991-04-06,77939.0,11788.0,13243.0
1991-04-13,70043.0,14622.0,11950.0
1991-04-20,68072.0,15738.0,11779.0
1991-04-27,66446.0,13910.0,10913.0
1991-05-04,70106.0,13347.0,11151.0
1991-05-11,69545.0,14129.0,12223.0
1991-05-18,69529.0,13805.0,11652.0
1991-05-25,65268.0,14225.0,12223.0
1991-06-01,56890.0,11074.0,10260.0
1991-06-08,69993.0,15073.0,13733.0
1991-06-15,66416.0,15187.0,13942.0
1991-06-22,74513.0,14069.0,13633.0
1991-06-29,71236.0,13778.0,11712.0
1991-07-06,66242.0,14777.0,13401.0
1991-07-13,70536.0,18181.0,15577.0
1991-07-20,77243.0,15012.0,13483.0
1991-07-27,74039.0,14665.0,13094.0
1991-08-03,75175.0,14537.0,11468.0
1991-08-10,71012.0,16731.0,13105.0
1991-08-17,68762.0,13868.0,11735.0
1991-08-24,62956.0,14055.0,11695.0
1991-08-31,65869.0,14076.0,11697.0
1991-09-07,56215.0,12282.0,11593.0
1991-09-14,69052.0,14718.0,12637.0
1991-09-21,71818.0,15109.0,11472.0
1991-09-28,73119.0,15642.0,10594.0
1991-10-05,75761.0,14954.0,14127.0
1991-10-12,75914.0,21212.0,13602.0
1991-10-19,68843.0,16646.0,11514.0
1991-10-26,79075.0,16212.0,11574.0
1991-11-02,85448.0,18027.0,10088.0
1991-11-09,86888.0,18110.0,12664.0
1991-11-16,76473.0,16573.0,10627.0
1991-11-23,87171.0,19122.0,15027.0
1991-11-30,59904.0,16140.0,17003.0
1991-12-07,89548.0,13300.0,20162.0
1991-12-14,79731.0,20902.0,17579.0
1991-12-21,79402.0,20286.0,13945.0
1991-12-28,74522.0,15748.0,10303.0
1992-01-04,74300.0,15652.0,10656.0
1992-01-11,102514.0,23742.0,17166.0
1992-01-18,88420.0,18579.0,16169.0
1992-01-25,82073.0,21569.0,10979.0
1992-02-01,84001.0,21230.0,13841.0
1992-02-08,104782.0,17825.0,14300.0
1992-02-15,93470.0,21928.0,13223.0
1992-02-22,90655.0,15357.0,11525.0
1992-02-29,90228.0,20048.0,12063.0
1992-03-07,87158.0,16114.0,12675.0
1992-03-14,85177.0,16833.0,11082.0
1992-03-21,79952.0,19687.0,12044.0
1992-03-28,78678.0,16041.0,9350.0
1992-04-04,83965.0,16228.0,13794.0
1992-04-11,72674.0,17068.0,12817.0
1992-04-18,70179.0,19557.0,12382.0
1992-04-25,63272.0,15216.0,10480.0
1992-05-02,66747.0,17090.0,12151.0
1992-05-09,78760.0,16242.0,12023.0
1992-05-16,73768.0,14921.0,12561.0
1992-05-23,69393.0,16304.0,11980.0
1992-05-30,63061.0,15350.0,10360.0
1992-06-06,75812.0,16810.0,13809.0
1992-06-13,79618.0,17691.0,14544.0
1992-06-20,76679.0,16819.0,13627.0
1992-06-27,76665.0,15367.0,13000.0
1992-07-04,81684.0,16513.0,11998.0
1992-07-11,76099.0,16170.0,17502.0
1992-07-18,68791.0,17195.0,15170.0
1992-07-25,66833.0,16556.0,13810.0
1992-08-01,67990.0,15374.0,12050.0
1992-08-08,73330.0,17347.0,12327.0
1992-08-15,64720.0,15175.0,10818.0
1992-08-22,64288.0,15203.0,10580.0
1992-08-29,64992.0,14742.0,8421.0
1992-09-05,65473.0,14955.0,10974.0
1992-09-12,61784.0,13377.0,13182.0
1992-09-19,69398.0,13871.0,15375.0
1992-09-26,68407.0,14712.0,13581.0
1992-10-03,71515.0,14359.0,12229.0
1992-10-10,67931.0,16609.0,13469.0
1992-10-17,61768.0,15943.0,11391.0
1992-10-24,68819.0,15451.0,10265.0
1992-10-31,67925.0,15594.0,10209.0
1992-11-07,78073.0,17023.0,10581.0
1992-11-14,62973.0,15268.0,8796.0
1992-11-21,71012.0,17546.0,10477.0
1992-11-28,46830.0,14137.0,6502.0
1992-12-05,74800.0,17985.0,10587.0
1992-12-12,78354.0,18926.0,10255.0
1992-12-19,67149.0,17129.0,8974.0
1992-12-26,55219.0,15677.0,6532.0
1993-01-02,60366.0,14860.0,9172.0
1993-01-09,85984.0,18223.0,12426.0
1993-01-16,79753.0,22026.0,11939.0
1993-01-23,76477.0,16978.0,8466.0
1993-01-30,71391.0,18267.0,9399.0
1993-02-06,76642.0,16269.0,9788.0
1993-02-13,69853.0,13582.0,8856.0
1993-02-20,74416.0,17238.0,8635.0
1993-02-27,75167.0,14993.0,8368.0
1993-03-06,71654.0,14477.0,8818.0
1993-03-13,71128.0,14610.0,8920.0
1993-03-20,59780.0,14751.0,8874.0
1993-03-27,63188.0,14352.0,9134.0
1993-04-03,67229.0,13075.0,9170.0
1993-04-10,59604.0,14787.0,11117.0
1993-04-17,56537.0,13934.0,8611.0
1993-04-24,55863.0,13778.0,9067.0
1993-05-01,56848.0,15486.0,8782.0
1993-05-08,63515.0,13225.0,9832.0
1993-05-15,57733.0,13564.0,9734.0
1993-05-22,54616.0,13678.0,10188.0
1993-05-29,55153.0,15414.0,9717.0
1993-06-05,53195.0,12754.0,9067.0
1993-06-12,60634.0,15227.0,12366.0
1993-06-19,60659.0,14525.0,11538.0
1993-06-26,62112.0,15057.0,10613.0
1993-07-03,64408.0,14204.0,11410.0
1993-07-10,54524.0,14579.0,12069.0
1993-07-17,59607.0,16128.0,13765.0
1993-07-24,57827.0,14406.0,11770.0
1993-07-31,54880.0,15250.0,10195.0
1993-08-07,61223.0,14424.0,10256.0
1993-08-14,55356.0,13174.0,9798.0
1993-08-21,53786.0,13837.0,9198.0
1993-08-28,51284.0,13206.0,9012.0
1993-09-04,53442.0,13345.0,9546.0
1993-09-11,46008.0,12931.0,8209.0
1993-09-18,54266.0,12892.0,9821.0
1993-09-25,55109.0,13279.0,9190.0
1993-10-02,55280.0,13318.0,8858.0
1993-10-09,66330.0,15134.0,11963.0
1993-10-16,59973.0,16156.0,10883.0
1993-10-23,66698.0,16801.0,11679.0
1993-10-30,62423.0,16693.0,9931.0
1993-11-06,70079.0,16235.0,11222.0
1993-11-13,63721.0,16363.0,9164.0
1993-11-20,70095.0,15770.0,10882.0
1993-11-27,48871.0,13698.0,7412.0
1993-12-04,70759.0,15863.0,10684.0
1993-12-11,63455.0,17935.0,10835.0
1993-12-18,64964.0,16205.0,9107.0
1993-12-25,59730.0,19233.0,7902.0
1994-01-01,54641.0,15307.0,8078.0
1994-01-08,67818.0,18491.0,13299.0
1994-01-15,66348.0,20720.0,12233.0
1994-01-22,57682.0,16996.0,8978.0
1994-01-29,74697.0,17042.0,11182.0
1994-02-05,77443.0,16747.0,10100.0
1994-02-12,82079.0,15376.0,9886.0
1994-02-19,71619.0,15017.0,9485.0
1994-02-26,58896.0,13043.0,8495.0
1994-03-05,68389.0,13244.0,8986.0
1994-03-12,64785.0,14004.0,9132.0
1994-03-19,61663.0,13761.0,8899.0
1994-03-26,61973.0,13522.0,8484.0
1994-04-02,59824.0,12902.0,8287.0
1994-04-09,60545.0,13304.0,10306.0
1994-04-16,58286.0,14174.0,9836.0
1994-04-23,57752.0,13466.0,9489.0
1994-04-30,63992.0,12982.0,9516.0
1994-05-07,74036.0,13764.0,11359.0
1994-05-14,66816.0,14716.0,10484.0
1994-05-21,64792.0,14182.0,10843.0
1994-05-28,61321.0,14504.0,11106.0
1994-06-04,56397.0,13282.0,9734.0
1994-06-11,66228.0,13616.0,12712.0
1994-06-18,68079.0,13571.0,11334.0
1994-06-25,72608.0,13382.0,11753.0
1994-07-02,70038.0,12889.0,11292.0
1994-07-09,58966.0,12863.0,13383.0
1994-07-16,65235.0,15006.0,14800.0
1994-07-23,61910.0,13895.0,12273.0
1994-07-30,60151.0,13364.0,10742.0
1994-08-06,67103.0,13045.0,10541.0
1994-08-13,63544.0,12598.0,10049.0
1994-08-20,59219.0,13710.0,9290.0
1994-08-27,55476.0,12604.0,9207.0
1994-09-03,59088.0,12699.0,9466.0
1994-09-10,52350.0,12136.0,8156.0
1994-09-17,61400.0,12001.0,9400.0
1994-09-24,60286.0,12026.0,8728.0
1994-10-01,62434.0,13532.0,8025.0
1994-10-08,72199.0,14377.0,11252.0
1994-10-15,58841.0,14569.0,9480.0
1994-10-22,67433.0,12929.0,9149.0
1994-10-29,61754.0,14954.0,8456.0
1994-11-05,75325.0,15513.0,9332.0
1994-11-12,71288.0,16421.0,7975.0
1994-11-19,87075.0,14475.0,8789.0
1994-11-26,51894.0,12192.0,6202.0
1994-12-03,75918.0,15860.0,8637.0
1994-12-10,66312.0,16691.0,9793.0
1994-12-17,68048.0,14585.0,7934.0
1994-12-24,68804.0,17970.0,8058.0
1994-12-31,60440.0,14223.0,6843.0
1995-01-07,76580.0,14519.0,10038.0
1995-01-14,93188.0,20387.0,11648.0
1995-01-21,70141.0,17587.0,8578.0
1995-01-28,80140.0,15942.0,9088.0
1995-02-04,83169.0,14686.0,9005.0
1995-02-11,86216.0,14954.0,9180.0
1995-02-18,67970.0,13527.0,8624.0
1995-02-25,62502.0,12300.0,7989.0
1995-03-04,68712.0,12313.0,8394.0
1995-03-11,73487.0,13981.0,8145.0
1995-03-18,72001.0,14904.0,7799.0
1995-03-25,72807.0,12761.0,7878.0
1995-04-01,63451.0,11938.0,7101.0
1995-04-08,66600.0,13606.0,10209.0
1995-04-15,67722.0,13781.0,9070.0
1995-04-22,62831.0,12180.0,8589.0
1995-04-29,61707.0,13337.0,8338.0
1995-05-06,70335.0,12928.0,10010.0
1995-05-13,67923.0,13423.0,9843.0
1995-05-20,63393.0,13254.0,10506.0
1995-05-27,57309.0,13659.0,10043.0
1995-06-03,52333.0,12839.0,9691.0
1995-06-10,63310.0,15377.0,10971.0
1995-06-17,62730.0,14811.0,11947.0
1995-06-24,66621.0,13541.0,11117.0
1995-07-01,64843.0,13459.0,10094.0
1995-07-08,61853.0,12863.0,12566.0
1995-07-15,64138.0,15040.0,14440.0
1995-07-22,60864.0,14101.0,11471.0
1995-07-29,56917.0,12948.0,9610.0
1995-08-05,61823.0,13809.0,8655.0
1995-08-12,61160.0,14039.0,10313.0
1995-08-19,57256.0,13984.0,9266.0
1995-08-26,55899.0,13343.0,8967.0
1995-09-02,53646.0,12746.0,9635.0
1995-09-09,50791.0,12372.0,8335.0
1995-09-16,58608.0,13615.0,9122.0
1995-09-23,57255.0,13334.0,8040.0
1995-09-30,57831.0,13619.0,7804.0
1995-10-07,66190.0,14556.0,10138.0
1995-10-14,60842.0,15682.0,10221.0
1995-10-21,68145.0,13699.0,10554.0
1995-10-28,64315.0,13379.0,8543.0
1995-11-04,71042.0,14238.0,9415.0
1995-11-11,65218.0,15240.0,7652.0
1995-11-18,75110.0,14604.0,8935.0
1995-11-25,49716.0,12253.0,6650.0
1995-12-02,79779.0,14709.0,8938.0
1995-12-09,72538.0,16421.0,8435.0
1995-12-16,78194.0,14256.0,7411.0
1995-12-23,70517.0,17812.0,8270.0
1995-12-30,58259.0,12931.0,5931.0
1996-01-06,63011.0,11850.0,9373.0
1996-01-13,74133.0,19332.0,11703.0
1996-01-20,67320.0,16683.0,9412.0
1996-01-27,72440.0,17120.0,10228.0
1996-02-03,79209.0,12124.0,9137.0
1996-02-10,86889.0,16671.0,9294.0
1996-02-17,65938.0,14703.0,8691.0
1996-02-24,71538.0,13297.0,8271.0
1996-03-02,76583.0,11665.0,8307.0
1996-03-09,73649.0,12688.0,7930.0
1996-03-16,67954.0,12355.0,8459.0
1996-03-23,62975.0,13491.0,8155.0
1996-03-30,61364.0,12524.0,7584.0
1996-04-06,64300.0,14848.0,9732.0
1996-04-13,58912.0,12623.0,8646.0
1996-04-20,62291.0,12846.0,8739.0
1996-04-27,56812.0,11813.0,8813.0
1996-05-04,61823.0,12201.0,9186.0
1996-05-11,64281.0,12031.0,9883.0
1996-05-18,59892.0,12138.0,8847.0
1996-05-25,58566.0,12804.0,9648.0
1996-06-01,51643.0,13011.0,7703.0
1996-06-08,63944.0,12455.0,12192.0
1996-06-15,61848.0,13972.0,11217.0
1996-06-22,67942.0,12638.0,11638.0
1996-06-29,64094.0,13583.0,9925.0
1996-07-06,58309.0,14174.0,12384.0
1996-07-13,62359.0,12613.0,13193.0
1996-07-20,56731.0,15133.0,11383.0
1996-07-27,57075.0,13448.0,9551.0
1996-08-03,58980.0,11843.0,9316.0
1996-08-10,60898.0,12771.0,9118.0
1996-08-17,54012.0,12108.0,8743.0
1996-08-24,52385.0,12687.0,8636.0
1996-08-31,52898.0,11693.0,8642.0
1996-09-07,50154.0,12137.0,7523.0
1996-09-14,58116.0,12823.0,8993.0
1996-09-21,57381.0,12693.0,8558.0
1996-09-28,57486.0,12312.0,7353.0
1996-10-05,62847.0,12624.0,9697.0
1996-10-12,61841.0,13476.0,8948.0
1996-10-19,56540.0,12634.0,8312.0
1996-10-26,60369.0,13231.0,8251.0
1996-11-02,67148.0,13311.0,8294.0
1996-11-09,71089.0,12675.0,8973.0
1996-11-16,63022.0,12993.0,7712.0
1996-11-23,82586.0,15630.0,8333.0
1996-11-30,47726.0,16281.0,5048.0
1996-12-07,75557.0,12228.0,9135.0
1996-12-14,75953.0,18233.0,8214.0
1996-12-21,65273.0,22341.0,7618.0
1996-12-28,63329.0,13320.0,6372.0
1997-01-04,69504.0,14715.0,7111.0
1997-01-11,75957.0,20582.0,11127.0
1997-01-18,74541.0,13909.0,10068.0
1997-01-25,65490.0,18834.0,7943.0
1997-02-01,76575.0,13614.0,9022.0
1997-02-08,82154.0,14892.0,8884.0
1997-02-15,60208.0,13316.0,8286.0
1997-02-22,61853.0,14401.0,7654.0
1997-03-01,62571.0,12235.0,7908.0
1997-03-08,63405.0,13501.0,8341.0
1997-03-15,57514.0,14024.0,7676.0
1997-03-22,57420.0,13304.0,7762.0
1997-03-29,55525.0,11314.0,6992.0
1997-04-05,59131.0,13268.0,9414.0
1997-04-12,55856.0,15163.0,9157.0
1997-04-19,54775.0,11060.0,8332.0
1997-04-26,52573.0,13131.0,8083.0
1997-05-03,57063.0,12260.0,8214.0
1997-05-10,57251.0,12969.0,9004.0
1997-05-17,53924.0,12556.0,8773.0
1997-05-24,53672.0,13115.0,9341.0
1997-05-31,48533.0,13473.0,8102.0
1997-06-07,60923.0,14114.0,10657.0
1997-06-14,58939.0,12583.0,10884.0
1997-06-21,61496.0,12858.0,10821.0
1997-06-28,61470.0,13224.0,9836.0
1997-07-05,58437.0,15283.0,10647.0
1997-07-12,60357.0,13244.0,13461.0
1997-07-19,56233.0,12854.0,10716.0
1997-07-26,52331.0,13412.0,9449.0
1997-08-02,56968.0,12756.0,9116.0
1997-08-09,59982.0,16415.0,9053.0
1997-08-16,54994.0,13255.0,9179.0
1997-08-23,51142.0,12541.0,8797.0
1997-08-30,51232.0,11746.0,8512.0
1997-09-06,47646.0,12298.0,7153.0
1997-09-13,53027.0,10941.0,8056.0
1997-09-20,55178.0,13637.0,8243.0
1997-09-27,57656.0,10907.0,7418.0
1997-10-04,61057.0,11524.0,8347.0
1997-10-11,61004.0,15349.0,9049.0
1997-10-18,56696.0,12782.0,7623.0
1997-10-25,58726.0,12555.0,7843.0
1997-11-01,61238.0,12466.0,7176.0
1997-11-08,69818.0,13491.0,7440.0
1997-11-15,68715.0,13964.0,7131.0
1997-11-22,66196.0,13732.0,7743.0
1997-11-29,63565.0,15674.0,5506.0
1997-12-06,69482.0,11798.0,7814.0
1997-12-13,59282.0,13025.0,7233.0
1997-12-20,60532.0,16227.0,6963.0
1997-12-27,51205.0,19102.0,5724.0
1998-01-03,47257.0,5999.0,5065.0
1998-01-10,67168.0,18258.0,10339.0
1998-01-17,67491.0,16742.0,9502.0
1998-01-24,54169.0,13927.0,7205.0
1998-01-31,64991.0,11909.0,7829.0
1998-02-07,86637.0,13022.0,7563.0
1998-02-14,67882.0,11977.0,7477.0
1998-02-21,62915.0,11879.0,6794.0
1998-02-28,62904.0,10244.0,6775.0
1998-03-07,62061.0,13337.0,7860.0
1998-03-14,56415.0,12127.0,6944.0
1998-03-21,55107.0,13227.0,6819.0
1998-03-28,56939.0,13038.0,6516.0
1998-04-04,63138.0,11893.0,7735.0
1998-04-11,55955.0,13589.0,8173.0
1998-04-18,53310.0,11196.0,7437.0
1998-04-25,48798.0,10990.0,7019.0
1998-05-02,53745.0,11087.0,7224.0
1998-05-09,60128.0,12784.0,7794.0
1998-05-16,55577.0,11973.0,8095.0
1998-05-23,50545.0,13636.0,8765.0
1998-05-30,47340.0,13202.0,7620.0
1998-06-06,53533.0,13162.0,10399.0
1998-06-13,51510.0,12112.0,10477.0
1998-06-20,52334.0,14229.0,9877.0
1998-06-27,52236.0,13699.0,9473.0
1998-07-04,52966.0,15125.0,9251.0
1998-07-11,51847.0,15107.0,12608.0
1998-07-18,45429.0,13449.0,10445.0
1998-07-25,52767.0,12761.0,8917.0
1998-08-01,49279.0,12365.0,8339.0
1998-08-08,52629.0,12909.0,9076.0
1998-08-15,44138.0,12240.0,8235.0
1998-08-22,44005.0,13331.0,8015.0
1998-08-29,41933.0,12477.0,8136.0
1998-09-05,44711.0,13399.0,8342.0
1998-09-12,38698.0,11473.0,6906.0
1998-09-19,44204.0,11581.0,7851.0
1998-09-26,44375.0,11496.0,5249.0
1998-10-03,48016.0,12120.0,7398.0
1998-10-10,50857.0,15683.0,10208.0
1998-10-17,47535.0,13092.0,8280.0
1998-10-24,51958.0,14442.0,8087.0
1998-10-31,56670.0,16530.0,7203.0
1998-11-07,67334.0,19534.0,7805.0
1998-11-14,60168.0,16939.0,7282.0
1998-11-21,60828.0,16132.0,8025.0
1998-11-28,46031.0,14441.0,5368.0
1998-12-05,72262.0,14043.0,7462.0
1998-12-12,53605.0,16584.0,7444.0
1998-12-19,54161.0,19641.0,5796.0
1998-12-26,51251.0,15472.0,6911.0
1999-01-02,47297.0,11668.0,4576.0
1999-01-09,64586.0,20306.0,9643.0
1999-01-16,55555.0,18499.0,9434.0
1999-01-23,55562.0,16052.0,7585.0
1999-01-30,59706.0,15109.0,8099.0
1999-02-06,71243.0,16104.0,7345.0
1999-02-13,66883.0,14377.0,7267.0
1999-02-20,55506.0,13778.0,6510.0
1999-02-27,54382.0,12394.0,6729.0
1999-03-06,54951.0,15621.0,6773.0
1999-03-13,52180.0,15681.0,6764.0
1999-03-20,51752.0,14234.0,6198.0
1999-03-27,50253.0,13518.0,6119.0
1999-04-03,51064.0,13700.0,6495.0
1999-04-10,54223.0,16870.0,8473.0
1999-04-17,49472.0,14235.0,7057.0
1999-04-24,45355.0,14356.0,6465.0
1999-05-01,47684.0,13876.0,6627.0
1999-05-08,55994.0,15610.0,8084.0
1999-05-15,46135.0,14744.0,7601.0
1999-05-22,45505.0,14741.0,8247.0
1999-05-29,44690.0,16417.0,8080.0
1999-06-05,43267.0,17395.0,7541.0
1999-06-12,47053.0,13236.0,9832.0
1999-06-19,50175.0,14073.0,9144.0
1999-06-26,49358.0,14470.0,9130.0
1999-07-03,52806.0,14664.0,7958.0
1999-07-10,46713.0,15680.0,8061.0
1999-07-17,47254.0,13430.0,9650.0
1999-07-24,43506.0,13116.0,8676.0
1999-07-31,45964.0,13020.0,8222.0
1999-08-07,49209.0,13412.0,7605.0
1999-08-14,43650.0,13259.0,7642.0
1999-08-21,42703.0,13292.0,7093.0
1999-08-28,40713.0,12718.0,6531.0
1999-09-04,43267.0,15350.0,7028.0
1999-09-11,38908.0,15091.0,5767.0
1999-09-18,43688.0,10783.0,5165.0
1999-09-25,43143.0,11611.0,5862.0
1999-10-02,44202.0,11866.0,6324.0
1999-10-09,48417.0,15510.0,7252.0
1999-10-16,42281.0,12948.0,6275.0
1999-10-23,49795.0,14247.0,6952.0
1999-10-30,48259.0,13453.0,6476.0
1999-11-06,61227.0,15361.0,6818.0
1999-11-13,58649.0,14538.0,5494.0
1999-11-20,62954.0,14149.0,6537.0
1999-11-27,40491.0,15459.0,4546.0
1999-12-04,60281.0,13517.0,6359.0
1999-12-11,49256.0,13879.0,6718.0
1999-12-18,48858.0,15014.0,6126.0
1999-12-25,48829.0,15585.0,5666.0
2000-01-01,37401.0,8310.0,4959.0
2000-01-08,59000.0,18872.0,8252.0
2000-01-15,50928.0,15218.0,7969.0
2000-01-22,51002.0,14151.0,6136.0
2000-01-29,52703.0,12024.0,7171.0
2000-02-05,64057.0,13771.0,6766.0
2000-02-12,58108.0,12411.0,6653.0
2000-02-19,56794.0,11631.0,6273.0
2000-02-26,51206.0,12097.0,5790.0
2000-03-04,54070.0,11382.0,5962.0
2000-03-11,51087.0,12074.0,6299.0
2000-03-18,45882.0,13925.0,5727.0
2000-03-25,44001.0,11611.0,5890.0
2000-04-01,42822.0,10863.0,5831.0
2000-04-08,43672.0,14913.0,7014.0
2000-04-15,40512.0,12329.0,6396.0
2000-04-22,44142.0,11431.0,6216.0
2000-04-29,39575.0,11740.0,6610.0
2000-05-06,48687.0,12480.0,6781.0
2000-05-13,45981.0,12827.0,6648.0
2000-05-20,42299.0,13320.0,7461.0
2000-05-27,40969.0,13447.0,7375.0
2000-06-03,40439.0,15081.0,7098.0
2000-06-10,45417.0,12683.0,9128.0
2000-06-17,48443.0,12959.0,8719.0
2000-06-24,49187.0,12720.0,8903.0
2000-07-01,47794.0,14279.0,7958.0
2000-07-08,43839.0,15123.0,8243.0
2000-07-15,44895.0,11551.0,9887.0
2000-07-22,42199.0,12814.0,9306.0
2000-07-29,41015.0,12071.0,7785.0
2000-08-05,47559.0,14270.0,8373.0
2000-08-12,44693.0,12547.0,8099.0
2000-08-19,39700.0,13007.0,7722.0
2000-08-26,39047.0,12761.0,7493.0
2000-09-02,38980.0,15067.0,7003.0
2000-09-09,37458.0,13480.0,6142.0
2000-09-16,40042.0,11944.0,7148.0
2000-09-23,40561.0,11577.0,5495.0
2000-09-30,42686.0,11968.0,7140.0
2000-10-07,47599.0,17593.0,6627.0
2000-10-14,44254.0,14105.0,6902.0
2000-10-21,46892.0,13113.0,6790.0
2000-10-28,46387.0,13421.0,6559.0
2000-11-04,59070.0,14710.0,6754.0
2000-11-11,47455.0,16914.0,5935.0
2000-11-18,61022.0,18344.0,7973.0
2000-11-25,42199.0,13055.0,4962.0
2000-12-02,56285.0,14514.0,7334.0
2000-12-09,48952.0,14971.0,4973.0
2000-12-16,48427.0,14545.0,7828.0
2000-12-23,50802.0,15346.0,7890.0
2000-12-30,42608.0,17745.0,6216.0
2001-01-06,45705.0,12071.0,6651.0
2001-01-13,57555.0,18541.0,8635.0
2001-01-20,41397.0,16796.0,8039.0
2001-01-27,54944.0,14859.0,9252.0
2001-02-03,60068.0,15456.0,8352.0
2001-02-10,61532.0,14792.0,8420.0
2001-02-17,52274.0,13916.0,7841.0
2001-02-24,53428.0,14885.0,7407.0
2001-03-03,56260.0,13809.0,7609.0
2001-03-10,58428.0,17274.0,8362.0
2001-03-17,51588.0,16092.0,7796.0
2001-03-24,49170.0,16028.0,7985.0
2001-03-31,49771.0,16466.0,7592.0
2001-04-07,52779.0,20182.0,8811.0
2001-04-14,51384.0,15175.0,9637.0
2001-04-21,50354.0,17253.0,8733.0
2001-04-28,48793.0,16557.0,8703.0
2001-05-05,55732.0,18143.0,9373.0
2001-05-12,55660.0,16852.0,9234.0
2001-05-19,52091.0,18701.0,9447.0
2001-05-26,49938.0,17254.0,9092.0
2001-06-02,44045.0,19196.0,7540.0
2001-06-09,51127.0,16879.0,11460.0
2001-06-16,52389.0,17372.0,9398.0
2001-06-23,54534.0,17415.0,9387.0
2001-06-30,53971.0,21124.0,10878.0
2001-07-07,49067.0,20157.0,8494.0
2001-07-14,54885.0,17211.0,13332.0
2001-07-21,52355.0,17533.0,14519.0
2001-07-28,48862.0,17491.0,11296.0
2001-08-04,54682.0,18387.0,10013.0
2001-08-11,53561.0,16267.0,10297.0
2001-08-18,48302.0,16933.0,9721.0
2001-08-25,47763.0,17223.0,9648.0
2001-09-01,48201.0,18527.0,8849.0
2001-09-08,44692.0,18693.0,8121.0
2001-09-15,45543.0,14837.0,8515.0
2001-09-22,54880.0,18562.0,8117.0
2001-09-29,59298.0,21217.0,15748.0
2001-10-06,64455.0,22852.0,16303.0
2001-10-13,57113.0,24492.0,14710.0
2001-10-20,67494.0,22297.0,13727.0
2001-10-27,63021.0,23465.0,12887.0
2001-11-03,66971.0,22477.0,13086.0
2001-11-10,67948.0,24444.0,12739.0
2001-11-17,63328.0,20092.0,10782.0
2001-11-24,48456.0,23866.0,8360.0
2001-12-01,67736.0,19123.0,12129.0
2001-12-08,60525.0,26019.0,12888.0
2001-12-15,53310.0,22536.0,10590.0
2001-12-22,48905.0,26735.0,9970.0
2001-12-29,37038.0,17437.0,5422.0
2002-01-05,58062.0,17031.0,8481.0
2002-01-12,92102.0,26115.0,14211.0
2002-01-19,80368.0,22875.0,12978.0
2002-01-26,67553.0,21413.0,9983.0
2002-02-02,69102.0,18836.0,10711.0
2002-02-09,67208.0,20255.0,10745.0
2002-02-16,58391.0,17778.0,9411.0
2002-02-23,55410.0,19044.0,8626.0
2002-03-02,58635.0,16489.0,8388.0
2002-03-09,59396.0,19582.0,9959.0
2002-03-16,54717.0,19250.0,8946.0
2002-03-23,59198.0,18092.0,8137.0
2002-03-30,60357.0,16717.0,9083.0
2002-04-06,55570.0,20763.0,10837.0
2002-04-13,64771.0,20552.0,11139.0
2002-04-20,66753.0,21639.0,10898.0
2002-04-27,62617.0,22731.0,11979.0
2002-05-04,59109.0,24868.0,10879.0
2002-05-11,57358.0,22837.0,10735.0
2002-05-18,52851.0,22851.0,11210.0
2002-05-25,55139.0,20685.0,11595.0
2002-06-01,45631.0,20331.0,10626.0
2002-06-08,53999.0,22437.0,13072.0
2002-06-15,55334.0,20326.0,13279.0
2002-06-22,58489.0,19453.0,13470.0
2002-06-29,57535.0,21639.0,11497.0
2002-07-06,55542.0,24235.0,10783.0
2002-07-13,61432.0,18599.0,14784.0
2002-07-20,58124.0,20075.0,13439.0
2002-07-27,59345.0,19427.0,11500.0
2002-08-03,52079.0,22072.0,10024.0
2002-08-10,53475.0,19451.0,11307.0
2002-08-17,51994.0,18887.0,11200.0
2002-08-24,51740.0,19441.0,10269.0
2002-08-31,50036.0,18928.0,9571.0
2002-09-07,46377.0,21763.0,9369.0
2002-09-14,51510.0,17444.0,10751.0
2002-09-21,53329.0,19077.0,10373.0
2002-09-28,52634.0,19335.0,10218.0
2002-10-05,63396.0,20631.0,11059.0
2002-10-12,62097.0,21609.0,11460.0
2002-10-19,60837.0,20677.0,10629.0
2002-10-26,60403.0,20503.0,8741.0
2002-11-02,60838.0,23245.0,9588.0
2002-11-09,68639.0,22220.0,11183.0
2002-11-16,55348.0,21220.0,9257.0
2002-11-23,72874.0,21318.0,10013.0
2002-11-30,44069.0,21382.0,6416.0
2002-12-07,64448.0,18090.0,11339.0
2002-12-14,57622.0,21263.0,10298.0
2002-12-21,65356.0,23854.0,9878.0
2002-12-28,55815.0,20716.0,7601.0
2003-01-04,53715.0,14384.0,8621.0
2003-01-11,75711.0,26623.0,12257.0
2003-01-18,74004.0,23836.0,12425.0
2003-01-25,63008.0,19481.0,9710.0
2003-02-01,63965.0,18044.0,10216.0
2003-02-08,67585.0,21984.0,11565.0
2003-02-15,57997.0,21274.0,9590.0
2003-02-22,57840.0,19950.0,9123.0
2003-03-01,63349.0,15848.0,8914.0
2003-03-08,62999.0,22310.0,10941.0
2003-03-15,57817.0,24178.0,9497.0
2003-03-22,58432.0,20662.0,9244.0
2003-03-29,56922.0,20336.0,9097.0
2003-04-05,57149.0,22242.0,10943.0
2003-04-12,66076.0,23581.0,10836.0
2003-04-19,62244.0,20169.0,10828.0
2003-04-26,59484.0,20596.0,10331.0
2003-05-03,58469.0,20973.0,10056.0
2003-05-10,58798.0,20033.0,11251.0
2003-05-17,52411.0,20214.0,11976.0
2003-05-24,52932.0,20923.0,10945.0
2003-05-31,47269.0,21303.0,10173.0
2003-06-07,57394.0,22545.0,14062.0
2003-06-14,56674.0,20504.0,13504.0
2003-06-21,60372.0,19904.0,12835.0
2003-06-28,58343.0,21806.0,10859.0
2003-07-05,60726.0,23377.0,11782.0
2003-07-12,64046.0,19925.0,14853.0
2003-07-19,56602.0,19559.0,12722.0
2003-07-26,51814.0,18779.0,10798.0
2003-08-02,51897.0,18705.0,10049.0
2003-08-09,53499.0,19217.0,10729.0
2003-08-16,44699.0,18321.0,10863.0
2003-08-23,49556.0,19363.0,10341.0
2003-08-30,50773.0,18776.0,9540.0
2003-09-06,45857.0,19046.0,9412.0
2003-09-13,51072.0,16712.0,10778.0
2003-09-20,48788.0,18596.0,9829.0
2003-09-27,46779.0,17610.0,8496.0
2003-10-04,58249.0,19231.0,9410.0
2003-10-11,58354.0,21607.0,11584.0
2003-10-18,54622.0,19192.0,9770.0
2003-10-25,68161.0,20444.0,8632.0
2003-11-01,55349.0,19936.0,8731.0
2003-11-08,64012.0,21311.0,8997.0
2003-11-15,54235.0,19829.0,7942.0
2003-11-22,61275.0,19620.0,10076.0
2003-11-29,41646.0,19907.0,6685.0
2003-12-06,58211.0,16823.0,9958.0
2003-12-13,48567.0,18684.0,9679.0
2003-12-20,45409.0,21426.0,9216.0
2003-12-27,49190.0,21838.0,7018.0
2004-01-03,43502.0,11456.0,6729.0
2004-01-10,58359.0,25141.0,11829.0
2004-01-17,58194.0,22686.0,14384.0
2004-01-24,49731.0,19298.0,10661.0
2004-01-31,57363.0,16471.0,10377.0
2004-02-07,57797.0,19673.0,11791.0
2004-02-14,44918.0,17472.0,10717.0
2004-02-21,48756.0,17073.0,9744.0
2004-02-28,58475.0,15235.0,9457.0
2004-03-06,51112.0,18113.0,10583.0
2004-03-13,48870.0,17757.0,9769.0
2004-03-20,46038.0,16786.0,9706.0
2004-03-27,44090.0,15888.0,8847.0
2004-04-03,42177.0,17053.0,9795.0
2004-04-10,54245.0,18892.0,12002.0
2004-04-17,47526.0,16672.0,10128.0
2004-04-24,47126.0,17026.0,10715.0
2004-05-01,43533.0,16816.0,9880.0
2004-05-08,45263.0,17129.0,10884.0
2004-05-15,43540.0,17675.0,11084.0
2004-05-22,42418.0,17800.0,11468.0
2004-05-29,40887.0,20274.0,12248.0
2004-06-05,43515.0,18971.0,11094.0
2004-06-12,43020.0,15567.0,12447.0
2004-06-19,49026.0,17512.0,12021.0
2004-06-26,45294.0,16432.0,11686.0
2004-07-03,47510.0,18579.0,11389.0
2004-07-10,48174.0,20493.0,13243.0
2004-07-17,45609.0,18100.0,13708.0
2004-07-24,42842.0,17107.0,11953.0
2004-07-31,41593.0,15807.0,9822.0
2004-08-07,43464.0,17473.0,11200.0
2004-08-14,39921.0,15320.0,10250.0
2004-08-21,40049.0,16415.0,12070.0
2004-08-28,37983.0,15964.0,14999.0
2004-09-04,40811.0,17626.0,10994.0
2004-09-11,35444.0,14999.0,9111.0
2004-09-18,40027.0,15277.0,17908.0
2004-09-25,39044.0,14446.0,19720.0
2004-10-02,43109.0,15181.0,19235.0
2004-10-09,46299.0,19706.0,19872.0
2004-10-16,37885.0,17306.0,17645.0
2004-10-23,49446.0,16311.0,16090.0
2004-10-30,48952.0,16572.0,11106.0
2004-11-06,52443.0,18444.0,11894.0
2004-11-13,46177.0,18665.0,9356.0
2004-11-20,51829.0,20237.0,10588.0
2004-11-27,37344.0,15988.0,6386.0
2004-12-04,51358.0,15292.0,10995.0
2004-12-11,47257.0,16250.0,9277.0
2004-12-18,44226.0,18138.0,8922.0
2004-12-25,48265.0,18676.0,7842.0
2005-01-01,49862.0,12240.0,6419.0
2005-01-08,61905.0,24996.0,12825.0
2005-01-15,59409.0,18263.0,10689.0
2005-01-22,47959.0,14663.0,8701.0
2005-01-29,50224.0,15914.0,9361.0
2005-02-05,50028.0,15981.0,9165.0
2005-02-12,46255.0,14787.0,8432.0
2005-02-19,47576.0,13235.0,8249.0
2005-02-26,44700.0,13892.0,7912.0
2005-03-05,45977.0,13011.0,8854.0
2005-03-12,45024.0,16010.0,8195.0
2005-03-19,40097.0,18181.0,8282.0
2005-03-26,45524.0,14035.0,7958.0
2005-04-02,36989.0,13922.0,7794.0
2005-04-09,48102.0,17212.0,11020.0
2005-04-16,41702.0,14273.0,8866.0
2005-04-23,44959.0,17247.0,8962.0
2005-04-30,42605.0,14672.0,8450.0
2005-05-07,41239.0,15249.0,9520.0
2005-05-14,39207.0,15213.0,9127.0
2005-05-21,39017.0,16925.0,8803.0
2005-05-28,38090.0,18240.0,11431.0
2005-06-04,35618.0,17248.0,9836.0
2005-06-11,40205.0,13363.0,11048.0
2005-06-18,40344.0,14344.0,9904.0
2005-06-25,39619.0,14123.0,10023.0
2005-07-02,39372.0,16980.0,9473.0
2005-07-09,37639.0,19407.0,12105.0
2005-07-16,40345.0,13040.0,11184.0
2005-07-23,37170.0,15077.0,10528.0
2005-07-30,36238.0,13931.0,9181.0
2005-08-06,37846.0,14334.0,10292.0
2005-08-13,34784.0,14140.0,9395.0
2005-08-20,33336.0,14055.0,8247.0
2005-08-27,33672.0,13687.0,8537.0
2005-09-03,33573.0,19300.0,9311.0
2005-09-10,30731.0,22806.0,8822.0
2005-09-17,36571.0,11364.0,11273.0
2005-09-24,34444.0,11110.0,8018.0
2005-10-01,34561.0,29041.0,8359.0
2005-10-08,39615.0,30949.0,11408.0
2005-10-15,31362.0,21705.0,8297.0
2005-10-22,40537.0,17625.0,8141.0
2005-10-29,38727.0,15438.0,7926.0
2005-11-05,39579.0,15469.0,8507.0
2005-11-12,35798.0,14175.0,14540.0
2005-11-19,44425.0,17553.0,21717.0
2005-11-26,30023.0,13300.0,6647.0
2005-12-03,53024.0,12806.0,10668.0
2005-12-10,39246.0,14169.0,8861.0
2005-12-17,41593.0,14323.0,7803.0
2005-12-24,46591.0,16120.0,7886.0
2005-12-31,35908.0,12334.0,6294.0
2006-01-07,52543.0,16082.0,9023.0
2006-01-14,47631.0,15283.0,10436.0
2006-01-21,41989.0,13809.0,7889.0
2006-01-28,41122.0,11757.0,8032.0
2006-02-04,42128.0,12652.0,7967.0
2006-02-11,43905.0,12027.0,8117.0
2006-02-18,35837.0,11553.0,7331.0
2006-02-25,34910.0,11596.0,7298.0
2006-03-04,42829.0,11162.0,7587.0
2006-03-11,46332.0,14049.0,7645.0
2006-03-18,39447.0,12233.0,7884.0
2006-03-25,37614.0,10884.0,7059.0
2006-04-01,33437.0,11903.0,6517.0
2006-04-08,52555.0,14287.0,9276.0
2006-04-15,41016.0,11291.0,7949.0
2006-04-22,41460.0,12473.0,7703.0
2006-04-29,39703.0,11732.0,8060.0
2006-05-06,40393.0,13090.0,8813.0
2006-05-13,38419.0,12451.0,8740.0
2006-05-20,37179.0,13087.0,8455.0
2006-05-27,39232.0,16358.0,9744.0
2006-06-03,33110.0,14222.0,9951.0
2006-06-10,35643.0,12157.0,11343.0
2006-06-17,40252.0,12550.0,9606.0
2006-06-24,40036.0,13010.0,9616.0
2006-07-01,38818.0,13811.0,8325.0
2006-07-08,42197.0,16488.0,11797.0
2006-07-15,40723.0,11773.0,11393.0
2006-07-22,36123.0,12376.0,10744.0
2006-07-29,39692.0,13122.0,9977.0
2006-08-05,38650.0,13021.0,9930.0
2006-08-12,36662.0,12159.0,9750.0
2006-08-19,36126.0,12049.0,9850.0
2006-08-26,36196.0,12222.0,9400.0
2006-09-02,35284.0,12811.0,8892.0
2006-09-09,30767.0,11981.0,8598.0
2006-09-16,35480.0,10329.0,9458.0
2006-09-23,36282.0,11119.0,8892.0
2006-09-30,36027.0,11507.0,8340.0
2006-10-07,40188.0,13144.0,10789.0
2006-10-14,38388.0,12306.0,9406.0
2006-10-21,37676.0,12120.0,9911.0
2006-10-28,41061.0,11680.0,8963.0
2006-11-04,40827.0,14075.0,10015.0
2006-11-11,41241.0,12753.0,7724.0
2006-11-18,51190.0,14953.0,10744.0
2006-11-25,40320.0,19859.0,6040.0
2006-12-02,49679.0,14252.0,9732.0
2006-12-09,41293.0,13500.0,10953.0
2006-12-16,47305.0,13302.0,8962.0
2006-12-23,49129.0,17091.0,9093.0
2006-12-30,40045.0,11423.0,5994.0
2007-01-06,44405.0,12699.0,8911.0
2007-01-13,54520.0,16331.0,12319.0
2007-01-20,43524.0,11349.0,9933.0
2007-01-27,49038.0,14371.0,10981.0
2007-02-03,47582.0,12348.0,9580.0
2007-02-10,46512.0,11851.0,10374.0
2007-02-17,43754.0,11031.0,8433.0
2007-02-24,39374.0,10477.0,8832.0
2007-03-03,45770.0,11865.0,9432.0
2007-03-10,42589.0,14702.0,9971.0
2007-03-17,38510.0,12129.0,9338.0
2007-03-24,40364.0,11644.0,9409.0
2007-03-31,38875.0,11373.0,8071.0
2007-04-07,47519.0,13540.0,11688.0
2007-04-14,42210.0,12119.0,10245.0
2007-04-21,42973.0,12512.0,10818.0
2007-04-28,42595.0,11466.0,10150.0
2007-05-05,41866.0,12506.0,10517.0
2007-05-12,40345.0,12173.0,11280.0
2007-05-19,40953.0,12751.0,11241.0
2007-05-26,41041.0,14900.0,12230.0
2007-06-02,34093.0,12984.0,11129.0
2007-06-09,44426.0,13885.0,14705.0
2007-06-16,43362.0,12433.0,14041.0
2007-06-23,42728.0,12104.0,12992.0
2007-06-30,43889.0,12664.0,10642.0
2007-07-07,45912.0,13403.0,10858.0
2007-07-14,43517.0,12719.0,16886.0
2007-07-21,41005.0,12488.0,14046.0
2007-07-28,41351.0,11496.0,11892.0
2007-08-04,39352.0,12384.0,11415.0
2007-08-11,41925.0,12694.0,11844.0
2007-08-18,37942.0,11386.0,13148.0
2007-08-25,40150.0,11539.0,12200.0
2007-09-01,38814.0,13068.0,11873.0
2007-09-08,34465.0,10598.0,9875.0
2007-09-15,39835.0,11520.0,13385.0
2007-09-22,39782.0,11439.0,14153.0
2007-09-29,39485.0,12751.0,11397.0
2007-10-06,45802.0,12528.0,12713.0
2007-10-13,40885.0,12809.0,14295.0
2007-10-20,47912.0,11912.0,13355.0
2007-10-27,48901.0,12562.0,12421.0
2007-11-03,49976.0,12983.0,12189.0
2007-11-10,55672.0,13779.0,13121.0
2007-11-17,49767.0,14876.0,12063.0
2007-11-24,39332.0,11451.0,9195.0
2007-12-01,56199.0,14542.0,14059.0
2007-12-08,55762.0,13787.0,15787.0
2007-12-15,50408.0,13545.0,13200.0
2007-12-22,56753.0,17933.0,12211.0
2007-12-29,42300.0,9309.0,6584.0
2008-01-05,44124.0,12388.0,9304.0
2008-01-12,71318.0,16181.0,14188.0
2008-01-19,56986.0,14692.0,18493.0
2008-01-26,57219.0,11805.0,14366.0
2008-02-02,54370.0,12968.0,16407.0
2008-02-09,62227.0,12714.0,14997.0
2008-02-16,46200.0,11990.0,13811.0
2008-02-23,49222.0,11881.0,13433.0
2008-03-01,50509.0,12442.0,12593.0
2008-03-08,54264.0,13072.0,14506.0
2008-03-15,49248.0,15247.0,12855.0
2008-03-22,48438.0,12700.0,12195.0
2008-03-29,46843.0,12344.0,13111.0
2008-04-05,48794.0,14721.0,13858.0
2008-04-12,57585.0,14823.0,18139.0
2008-04-19,52455.0,16760.0,14861.0
2008-04-26,50766.0,13387.0,14644.0
2008-05-03,48999.0,13463.0,14893.0
2008-05-10,48670.0,13663.0,16282.0
2008-05-17,47730.0,13705.0,15878.0
2008-05-24,47023.0,13503.0,14785.0
2008-05-31,42272.0,14513.0,12128.0
2008-06-07,53050.0,17244.0,18292.0
2008-06-14,50940.0,14580.0,19550.0
2008-06-21,55995.0,13903.0,18159.0
2008-06-28,54764.0,15440.0,17126.0
2008-07-05,50186.0,13084.0,15364.0
2008-07-12,59602.0,15782.0,19771.0
2008-07-19,58053.0,16944.0,23000.0
2008-07-26,61964.0,13744.0,22989.0
2008-08-02,63171.0,15671.0,23829.0
2008-08-09,59209.0,15261.0,15912.0
2008-08-16,51347.0,14393.0,16844.0
2008-08-23,52045.0,16465.0,17183.0
2008-08-30,51832.0,15650.0,19064.0
2008-09-06,48594.0,12395.0,17295.0
2008-09-13,53273.0,13625.0,22158.0
2008-09-20,53416.0,35860.0,23394.0
2008-09-27,54071.0,49398.0,16541.0
2008-10-04,60074.0,31480.0,20794.0
2008-10-11,62855.0,25512.0,23801.0
2008-10-18,62853.0,24679.0,24344.0
2008-10-25,67470.0,18781.0,23683.0
2008-11-01,63867.0,19982.0,21356.0
2008-11-08,79399.0,21205.0,23281.0
2008-11-15,69963.0,20697.0,20595.0
2008-11-22,80845.0,25399.0,24164.0
2008-11-29,60541.0,18270.0,15538.0
2008-12-06,83504.0,27368.0,21114.0
2008-12-13,67011.0,24785.0,19407.0
2008-12-20,87877.0,27724.0,21464.0
2008-12-27,78175.0,14492.0,12898.0
2009-01-03,63379.0,21677.0,13245.0
2009-01-10,85952.0,30830.0,33903.0
2009-01-17,87778.0,31367.0,40403.0
2009-01-24,75704.0,24183.0,25700.0
2009-01-31,95705.0,25646.0,28579.0
2009-02-07,90456.0,29038.0,29723.0
2009-02-14,73906.0,27851.0,26237.0
2009-02-21,76583.0,26829.0,22651.0
2009-02-28,84348.0,26562.0,21092.0
2009-03-07,83071.0,30569.0,24986.0
2009-03-14,74516.0,31597.0,24592.0
2009-03-21,81236.0,26775.0,24207.0
2009-03-28,74179.0,25623.0,23558.0
2009-04-04,69471.0,29357.0,22019.0
2009-04-11,75875.0,26651.0,31322.0
2009-04-18,84410.0,24333.0,24114.0
2009-04-25,73577.0,24649.0,23783.0
2009-05-02,72078.0,25239.0,24328.0
2009-05-09,62026.0,25579.0,24862.0
2009-05-16,67473.0,25596.0,25390.0
2009-05-23,68156.0,27144.0,25621.0
2009-05-30,64605.0,24258.0,18966.0
2009-06-06,69499.0,27807.0,25435.0
2009-06-13,72039.0,26456.0,33818.0
2009-06-20,86609.0,23697.0,31924.0
2009-06-27,83690.0,23453.0,19431.0
2009-07-04,79397.0,23650.0,21110.0
2009-07-11,77642.0,25376.0,31153.0
2009-07-18,81932.0,22968.0,34444.0
2009-07-25,80794.0,22578.0,25730.0
2009-08-01,73536.0,21447.0,22372.0
2009-08-08,67901.0,23016.0,23158.0
2009-08-15,61615.0,20459.0,24306.0
2009-08-22,70247.0,19927.0,22653.0
2009-08-29,69273.0,22764.0,24433.0
2009-09-05,66522.0,21955.0,24201.0
2009-09-12,64433.0,17332.0,21823.0
2009-09-19,69545.0,21278.0,24171.0
2009-09-26,74012.0,21141.0,23437.0
2009-10-03,70101.0,22432.0,18259.0
2009-10-10,63039.0,24063.0,28235.0
2009-10-17,68813.0,21720.0,26591.0
2009-10-24,83207.0,22230.0,26047.0
2009-10-31,76455.0,23195.0,22638.0
2009-11-07,77701.0,24954.0,20723.0
2009-11-14,69714.0,20244.0,22036.0
2009-11-21,84510.0,23744.0,24190.0
2009-11-28,55838.0,14225.0,16976.0
2009-12-05,84196.0,26447.0,25656.0
2009-12-12,73681.0,21859.0,19978.0
2009-12-19,80998.0,21065.0,23157.0
2009-12-26,57838.0,13109.0,19421.0
2010-01-02,55554.0,16583.0,12898.0
2010-01-09,71714.0,32475.0,25837.0
2010-01-16,115462.0,24421.0,28182.0
2010-01-23,92788.0,19985.0,22659.0
2010-01-30,94784.0,21108.0,24404.0
2010-02-06,81249.0,21864.0,20817.0
2010-02-13,75709.0,19228.0,20512.0
2010-02-20,63709.0,18206.0,17948.0
2010-02-27,79821.0,19646.0,20464.0
2010-03-06,72586.0,20525.0,21442.0
2010-03-13,76020.0,18933.0,21518.0
2010-03-20,70840.0,17567.0,20085.0
2010-03-27,72141.0,21207.0,19452.0
2010-04-03,69168.0,18069.0,16806.0
2010-04-10,92953.0,22645.0,24110.0
2010-04-17,77573.0,20149.0,24532.0
2010-04-24,83991.0,19628.0,21766.0
2010-05-01,65445.0,19643.0,20475.0
2010-05-08,73796.0,20207.0,21598.0
2010-05-15,71635.0,19563.0,20118.0
2010-05-22,70429.0,20042.0,20379.0
2010-05-29,72510.0,18979.0,23839.0
2010-06-05,62124.0,18360.0,20171.0
2010-06-12,79696.0,21331.0,25129.0
2010-06-19,76067.0,20268.0,24550.0
2010-06-26,78292.0,20490.0,27388.0
2010-07-03,80625.0,19812.0,23801.0
2010-07-10,72591.0,21927.0,29369.0
2010-07-17,92400.0,21123.0,27231.0
2010-07-24,73293.0,19095.0,25371.0
2010-07-31,72028.0,19358.0,21555.0
2010-08-07,76421.0,20429.0,22754.0
2010-08-14,71146.0,19271.0,21526.0
2010-08-21,65163.0,18941.0,23432.0
2010-08-28,61036.0,19683.0,25318.0
2010-09-04,61371.0,20492.0,19699.0
2010-09-11,50617.0,16674.0,22454.0
2010-09-18,65770.0,18526.0,20677.0
2010-09-25,74730.0,18445.0,21364.0
2010-10-02,68599.0,18660.0,16007.0
2010-10-09,76528.0,23331.0,23236.0
2010-10-16,62827.0,18946.0,23426.0
2010-10-23,66582.0,19581.0,21811.0
2010-10-30,72969.0,19044.0,18361.0
2010-11-06,72806.0,20679.0,18603.0
2010-11-13,67762.0,18047.0,17351.0
2010-11-20,72204.0,21046.0,19503.0
2010-11-27,63884.0,12304.0,12476.0
2010-12-04,77469.0,24115.0,18813.0
2010-12-11,78671.0,19988.0,18681.0
2010-12-18,71015.0,18494.0,20962.0
2010-12-25,86987.0,14590.0,16006.0
2011-01-01,73293.0,15967.0,14139.0
2011-01-08,90829.0,29795.0,21975.0
2011-01-15,76520.0,22605.0,28621.0
2011-01-22,62745.0,18281.0,23909.0
2011-01-29,75019.0,18897.0,22017.0
2011-02-05,73325.0,15240.0,17475.0
2011-02-12,70262.0,17411.0,17881.0
2011-02-19,68060.0,16580.0,15268.0
2011-02-26,55330.0,14873.0,15919.0
2011-03-05,68718.0,17701.0,15232.0
2011-03-12,63228.0,16709.0,16008.0
2011-03-19,61078.0,15622.0,16177.0
2011-03-26,64658.0,19488.0,15026.0
2011-04-02,56563.0,16575.0,13295.0
2011-04-09,82209.0,21683.0,17594.0
2011-04-16,64192.0,17801.0,20347.0
2011-04-23,63828.0,17682.0,18486.0
2011-04-30,60683.0,18678.0,16330.0
2011-05-07,64698.0,19549.0,16419.0
2011-05-14,57870.0,18431.0,17759.0
2011-05-21,64923.0,18337.0,18041.0
2011-05-28,63309.0,17678.0,17444.0
2011-06-04,60799.0,17871.0,16204.0
2011-06-11,64683.0,21204.0,17737.0
2011-06-18,69076.0,19672.0,20883.0
2011-06-25,74451.0,19620.0,20880.0
2011-07-02,76392.0,19269.0,14991.0
2011-07-09,60641.0,20025.0,22535.0
2011-07-16,81454.0,20240.0,26771.0
2011-07-23,57765.0,19439.0,21339.0
2011-07-30,56781.0,17611.0,19003.0
2011-08-06,64629.0,18985.0,16423.0
2011-08-13,53717.0,17295.0,15436.0
2011-08-20,54332.0,17824.0,14766.0
2011-08-27,57669.0,17731.0,15680.0
2011-09-03,57093.0,18970.0,15851.0
2011-09-10,53772.0,15194.0,14544.0
2011-09-17,54840.0,17271.0,15713.0
2011-09-24,53619.0,16504.0,15766.0
2011-10-01,56146.0,16382.0,14591.0
2011-10-08,70028.0,21026.0,17098.0
2011-10-15,61086.0,17537.0,17245.0
2011-10-22,68262.0,17892.0,15015.0
2011-10-29,62629.0,17538.0,15689.0
2011-11-05,64078.0,19873.0,13793.0
2011-11-12,54696.0,17042.0,12360.0
2011-11-19,73916.0,20143.0,15772.0
2011-11-26,46476.0,11600.0,10466.0
2011-12-03,74256.0,22081.0,12206.0
2011-12-10,58673.0,18101.0,15095.0
2011-12-17,63427.0,16354.0,13407.0
2011-12-24,79917.0,15478.0,13112.0
2011-12-31,55948.0,13093.0,12053.0
2012-01-07,78116.0,27039.0,15797.0
2012-01-14,79798.0,20159.0,18508.0
2012-01-21,59100.0,16128.0,13783.0
2012-01-28,63671.0,17613.0,16076.0
2012-02-04,69535.0,16983.0,15987.0
2012-02-11,61073.0,15730.0,15526.0
2012-02-18,59621.0,15549.0,13405.0
2012-02-25,55090.0,14014.0,12281.0
2012-03-03,59410.0,16130.0,12809.0
2012-03-10,54714.0,15917.0,11594.0
2012-03-17,53111.0,14130.0,13470.0
2012-03-24,55310.0,18315.0,13884.0
2012-03-31,54627.0,15365.0,12217.0
2012-04-07,61214.0,18997.0,13516.0
2012-04-14,64274.0,17012.0,15564.0
2012-04-21,63217.0,16932.0,14146.0
2012-04-28,56427.0,17169.0,15913.0
2012-05-05,58040.0,18398.0,13314.0
2012-05-12,54562.0,16952.0,13687.0
2012-05-19,57278.0,18600.0,14600.0
2012-05-26,56934.0,18224.0,15435.0
2012-06-02,52766.0,16370.0,14428.0
2012-06-09,65753.0,20398.0,16361.0
2012-06-16,57737.0,19631.0,18889.0
2012-06-23,65976.0,19471.0,17955.0
2012-06-30,67021.0,17275.0,14231.0
2012-07-07,58005.0,18599.0,18318.0
2012-07-14,84249.0,19300.0,18904.0
2012-07-21,52142.0,17402.0,15901.0
2012-07-28,47404.0,16640.0,14061.0
2012-08-04,50473.0,17304.0,13761.0
2012-08-11,58414.0,16644.0,14020.0
2012-08-18,52865.0,17161.0,15578.0
2012-08-25,51108.0,17287.0,14734.0
2012-09-01,51062.0,18091.0,12811.0
2012-09-08,42899.0,17074.0,12729.0
2012-09-15,61421.0,16711.0,14747.0
2012-09-22,47894.0,16612.0,14555.0
2012-09-29,49963.0,15739.0,12583.0
2012-10-06,44984.0,17463.0,12998.0
2012-10-13,71919.0,18792.0,16945.0
2012-10-20,55333.0,17220.0,14531.0
2012-10-27,56472.0,16681.0,13390.0
2012-11-03,48323.0,17071.0,12451.0
2012-11-10,73016.0,18603.0,12325.0
2012-11-17,46679.0,18504.0,13859.0
2012-11-24,39626.0,12079.0,12411.0
2012-12-01,64037.0,22514.0,12063.0
2012-12-08,69989.0,18664.0,12812.0
2012-12-15,63122.0,17128.0,17892.0
2012-12-22,51333.0,16952.0,17442.0
2012-12-29,53345.0,9477.0,6427.0
2013-01-05,62036.0,18146.0,8928.0
2013-01-12,72268.0,30932.0,16242.0
2013-01-19,68650.0,20484.0,17399.0
2013-01-26,48236.0,15402.0,13829.0
2013-02-02,60020.0,17473.0,15879.0
2013-02-09,55190.0,17112.0,15583.0
2013-02-16,81873.0,16273.0,13141.0
2013-02-23,41521.0,14939.0,12263.0
2013-03-02,53241.0,15746.0,11537.0
2013-03-09,47052.0,16386.0,12339.0
2013-03-16,50059.0,15569.0,11602.0
2013-03-23,58771.0,18305.0,12010.0
2013-03-30,56110.0,14816.0,11355.0
2013-04-06,43217.0,17261.0,12635.0
2013-04-13,67520.0,20311.0,15264.0
2013-04-20,50839.0,17241.0,13608.0
2013-04-27,47118.0,16799.0,11645.0
2013-05-04,47193.0,17294.0,11361.0
2013-05-11,62253.0,17368.0,12784.0
2013-05-18,45919.0,17696.0,12997.0
2013-05-25,54541.0,17088.0,14054.0
2013-06-01,45745.0,15212.0,10875.0
2013-06-08,44536.0,18219.0,12621.0
2013-06-15,59877.0,17761.0,17407.0
2013-06-22,66058.0,17997.0,15349.0
2013-06-29,56735.0,18488.0,12079.0
2013-07-06,52470.0,15355.0,13765.0
2013-07-13,59269.0,21356.0,17085.0
2013-07-20,66992.0,18971.0,15190.0
2013-07-27,45513.0,16189.0,14085.0
2013-08-03,49228.0,17340.0,13731.0
2013-08-10,45123.0,16446.0,12850.0
2013-08-17,50990.0,16226.0,12875.0
2013-08-24,48446.0,15472.0,12409.0
2013-08-31,43458.0,15764.0,11465.0
2013-09-07,18046.0,14773.0,9657.0
2013-09-14,40657.0,16054.0,13603.0
2013-09-21,36903.0,16036.0,13292.0
2013-09-28,37948.0,14781.0,11943.0
2013-10-05,71602.0,16206.0,13336.0
2013-10-12,83383.0,16283.0,13699.0
2013-10-19,70350.0,15299.0,13215.0
2013-10-26,65890.0,16070.0,17692.0
2013-11-02,63422.0,16669.0,17274.0
2013-11-09,68159.0,18405.0,16380.0
2013-11-16,63515.0,15821.0,17925.0
2013-11-23,71841.0,17920.0,16967.0
2013-11-30,51921.0,10636.0,11628.0
2013-12-07,73797.0,20397.0,16331.0
2013-12-14,78419.0,15493.0,12956.0
2013-12-21,72990.0,16033.0,14372.0
2013-12-28,58355.0,9310.0,10878.0
2014-01-04,54871.0,15948.0,17201.0
2014-01-11,63190.0,28748.0,22233.0
2014-01-18,74898.0,19959.0,19656.0
2014-01-25,72535.0,15807.0,16652.0
2014-02-01,62904.0,16699.0,15129.0
2014-02-08,64049.0,17139.0,13544.0
2014-02-15,69881.0,15530.0,12646.0
2014-02-22,64908.0,13913.0,11779.0
2014-03-01,59143.0,15158.0,12417.0
2014-03-08,57881.0,15544.0,12832.0
2014-03-15,61070.0,14171.0,11901.0
2014-03-22,52345.0,16595.0,13599.0
2014-03-29,69971.0,14774.0,13694.0
2014-04-05,56079.0,16139.0,15318.0
2014-04-12,65292.0,17931.0,15382.0
2014-04-19,62405.0,14813.0,15005.0
2014-04-26,61168.0,15360.0,15857.0
2014-05-03,57455.0,16507.0,14899.0
2014-05-10,49804.0,16130.0,13669.0
2014-05-17,54281.0,16955.0,13005.0
2014-05-24,53111.0,16695.0,12318.0
2014-05-31,51167.0,15735.0,11521.0
2014-06-07,61102.0,17835.0,15571.0
2014-06-14,61772.0,16494.0,15245.0
2014-06-21,62327.0,16722.0,13904.0
2014-06-28,55033.0,16951.0,13890.0
2014-07-05,51025.0,14028.0,15611.0
2014-07-12,62151.0,19175.0,15454.0
2014-07-19,55929.0,16211.0,14138.0
2014-07-26,54180.0,14457.0,14077.0
2014-08-02,44936.0,14149.0,13498.0
2014-08-09,55043.0,14908.0,14734.0
2014-08-16,46272.0,13858.0,13272.0
2014-08-23,47139.0,14166.0,13139.0
2014-08-30,48702.0,14089.0,13096.0
2014-09-06,37734.0,13798.0,12546.0
2014-09-13,43003.0,13473.0,13323.0
2014-09-20,51833.0,13141.0,13154.0
2014-09-27,44118.0,12506.0,12637.0
2014-10-04,45943.0,14482.0,14380.0
2014-10-11,46671.0,16097.0,13599.0
2014-10-18,49425.0,14377.0,12155.0
2014-10-25,52364.0,13819.0,12170.0
2014-11-01,48514.0,14054.0,11612.0
2014-11-08,58026.0,16440.0,11878.0
2014-11-15,40438.0,15335.0,11367.0
2014-11-22,59611.0,16016.0,11640.0
2014-11-29,45792.0,9703.0,8446.0
2014-12-06,51843.0,18810.0,11985.0
2014-12-13,63637.0,14828.0,11106.0
2014-12-20,47498.0,15057.0,10121.0
2014-12-27,54045.0,8049.0,8261.0
2015-01-03,40784.0,13471.0,13599.0
2015-01-10,66906.0,25783.0,15003.0
2015-01-17,62191.0,19674.0,12730.0
2015-01-24,40605.0,17117.0,10768.0
2015-01-31,58673.0,17981.0,10515.0
2015-02-07,61006.0,20418.0,10569.0
2015-02-14,46871.0,17999.0,9480.0
2015-02-21,43039.0,17182.0,9363.0
2015-02-28,47589.0,17136.0,8898.0
2015-03-07,45764.0,19075.0,10491.0
2015-03-14,46784.0,17302.0,8832.0
2015-03-21,44249.0,19337.0,8982.0
2015-03-28,43250.0,18361.0,8662.0
2015-04-04,39603.0,18356.0,9269.0
2015-04-11,50178.0,21023.0,10374.0
2015-04-18,51521.0,18860.0,9294.0
2015-04-25,47303.0,17372.0,9141.0
2015-05-02,45550.0,17228.0,8416.0
2015-05-09,45289.0,17348.0,9503.0
2015-05-16,42759.0,17021.0,9216.0
2015-05-23,42678.0,17595.0,9712.0
2015-05-30,34787.0,15015.0,8480.0
2015-06-06,45704.0,18504.0,10982.0
2015-06-13,43112.0,16929.0,12045.0
2015-06-20,45297.0,17436.0,11357.0
2015-06-27,48227.0,18491.0,9731.0
2015-07-04,53941.0,16086.0,10824.0
2015-07-11,46942.0,19605.0,12746.0
2015-07-18,48890.0,16431.0,10818.0
2015-07-25,45028.0,16270.0,10010.0
2015-08-01,41871.0,16281.0,10350.0
2015-08-08,44369.0,16692.0,10168.0
2015-08-15,44200.0,15621.0,9222.0
2015-08-22,42898.0,15367.0,9192.0
2015-08-29,41597.0,15925.0,8712.0
2015-09-05,42125.0,17045.0,8569.0
2015-09-12,36839.0,13476.0,7252.0
2015-09-19,40564.0,15661.0,7817.0
2015-09-26,40180.0,15160.0,7712.0
2015-10-03,42531.0,16483.0,8209.0
2015-10-10,44298.0,19110.0,9649.0
2015-10-17,43592.0,16217.0,7848.0
2015-10-24,45861.0,16449.0,8053.0
2015-10-31,48011.0,16966.0,7820.0
2015-11-07,47675.0,19421.0,8683.0
2015-11-14,45851.0,16301.0,7670.0
2015-11-21,53792.0,18146.0,8284.0
2015-11-28,33484.0,10921.0,5386.0
2015-12-05,55971.0,21703.0,8233.0
2015-12-12,55903.0,17168.0,7895.0
2015-12-19,53000.0,16016.0,8341.0
2015-12-26,43100.0,10933.0,5867.0
2016-01-02,40909.0,12859.0,6816.0
2016-01-09,58280.0,26258.0,11056.0
2016-01-16,74705.0,19126.0,9775.0
2016-01-23,53436.0,16838.0,8225.0
2016-01-30,50563.0,17635.0,8069.0
2016-02-06,49006.0,19309.0,8488.0
2016-02-13,47599.0,16967.0,7062.0
2016-02-20,42084.0,15977.0,7318.0
2016-02-27,46430.0,16936.0,6923.0
2016-03-05,45142.0,17643.0,7376.0
2016-03-12,46501.0,16955.0,6524.0
2016-03-19,44151.0,16306.0,6866.0
2016-03-26,43613.0,17361.0,6951.0
2016-04-02,36495.0,16427.0,7235.0
2016-04-09,49058.0,19103.0,8729.0
2016-04-16,50147.0,16564.0,7376.0
2016-04-23,46601.0,16288.0,7312.0
2016-04-30,42674.0,16133.0,7360.0
2016-05-07,41853.0,17074.0,8263.0
2016-05-14,43498.0,17346.0,8049.0
2016-05-21,40546.0,17421.0,8071.0
2016-05-28,44373.0,17101.0,8315.0
2016-06-04,35335.0,16543.0,8259.0
2016-06-11,54097.0,17624.0,10028.0
2016-06-18,44571.0,17571.0,10155.0
2016-06-25,49734.0,17181.0,9048.0
2016-07-02,45915.0,16540.0,8914.0
2016-07-09,39137.0,16075.0,10314.0
2016-07-16,44078.0,17483.0,9365.0
2016-07-23,42549.0,15838.0,8482.0
2016-07-30,43036.0,14990.0,8224.0
2016-08-06,43415.0,16186.0,8542.0
2016-08-13,41738.0,15596.0,8082.0
2016-08-20,38776.0,15210.0,8047.0
2016-08-27,40404.0,14268.0,7823.0
2016-09-03,40240.0,15707.0,7501.0
2016-09-10,35613.0,13072.0,7493.0
2016-09-17,38765.0,14817.0,7603.0
2016-09-24,38021.0,14694.0,7255.0
2016-10-01,38281.0,14323.0,7275.0
2016-10-08,43422.0,16881.0,7323.0
2016-10-15,46010.0,14613.0,7999.0
2016-10-22,44406.0,15308.0,7549.0
2016-10-29,46393.0,15832.0,7538.0
2016-11-05,47345.0,17998.0,7676.0
2016-11-12,39455.0,15829.0,7229.0
2016-11-19,53669.0,18565.0,7695.0
2016-11-26,42330.0,10877.0,5366.0
2016-12-03,53810.0,20194.0,7564.0
2016-12-10,50637.0,15509.0,8130.0
2016-12-17,50254.0,15595.0,7322.0
2016-12-24,52811.0,13720.0,6179.0
2016-12-31,37975.0,11715.0,6170.0
2017-01-07,43975.0,21401.0,9011.0
2017-01-14,60959.0,17583.0,8729.0
2017-01-21,61914.0,15064.0,7392.0
2017-01-28,53825.0,15118.0,8133.0
2017-02-04,45464.0,15306.0,7822.0
2017-02-11,49677.0,14652.0,7506.0
2017-02-18,48928.0,13841.0,6881.0
2017-02-25,43328.0,12293.0,6323.0
2017-03-04,45208.0,13841.0,6354.0
2017-03-11,45766.0,14103.0,7180.0
2017-03-18,41002.0,13344.0,6802.0
2017-03-25,42605.0,15950.0,6692.0
2017-04-01,35367.0,13745.0,6981.0
2017-04-08,43753.0,16625.0,8564.0
2017-04-15,47139.0,13147.0,6839.0
2017-04-22,45118.0,13835.0,6886.0
2017-04-29,43906.0,13224.0,6952.0
2017-05-06,43076.0,14590.0,8028.0
2017-05-13,37564.0,14546.0,7660.0
2017-05-20,38020.0,15198.0,7686.0
2017-05-27,42833.0,15135.0,7586.0
2017-06-03,34520.0,14020.0,8140.0
2017-06-10,40929.0,15942.0,10538.0
2017-06-17,42543.0,15593.0,8938.0
2017-06-24,46687.0,15407.0,8299.0
2017-07-01,46015.0,14052.0,8350.0
2017-07-08,37798.0,13296.0,8904.0
2017-07-15,44660.0,14448.0,8849.0
2017-07-22,44966.0,13607.0,8406.0
2017-07-29,42475.0,13166.0,7481.0
2017-08-05,39523.0,14081.0,8084.0
2017-08-12,37072.0,13218.0,7905.0
2017-08-19,37843.0,13290.0,7615.0
2017-08-26,38819.0,12105.0,7178.0
2017-09-02,37777.0,63788.0,7062.0
2017-09-09,30402.0,52024.0,4773.0
2017-09-16,39899.0,28387.0,10052.0
2017-09-23,39371.0,20104.0,18477.0
2017-09-30,37388.0,17063.0,14902.0
2017-10-07,41888.0,16656.0,13861.0
2017-10-14,40977.0,14865.0,11314.0
2017-10-21,41871.0,15164.0,10112.0
2017-10-28,43283.0,14423.0,8849.0
2017-11-04,43653.0,14937.0,8596.0
2017-11-11,44894.0,14719.0,7610.0
2017-11-18,50994.0,15826.0,8423.0
2017-11-25,35936.0,10737.0,5255.0
2017-12-02,54267.0,19599.0,8024.0
2017-12-09,47792.0,14375.0,7593.0
2017-12-16,47721.0,14244.0,7332.0
2017-12-23,45239.0,14138.0,6971.0
2017-12-30,35363.0,9919.0,5443.0
2018-01-06,47290.0,14973.0,7974.0
2018-01-13,58962.0,20540.0,9001.0
2018-01-20,51749.0,12793.0,7315.0
2018-01-27,49062.0,14275.0,7627.0
2018-02-03,43687.0,14131.0,7632.0
2018-02-10,41154.0,13738.0,7159.0
2018-02-17,40230.0,13044.0,6699.0
2018-02-24,31072.0,11697.0,6008.0
2018-03-03,42718.0,12570.0,5969.0
2018-03-10,44552.0,12848.0,6892.0
2018-03-17,42127.0,11837.0,6478.0
2018-03-24,39173.0,14723.0,6318.0
2018-03-31,39130.0,11603.0,5677.0
2018-04-07,41072.0,15108.0,7595.0
2018-04-14,45026.0,12698.0,6524.0
2018-04-21,40673.0,12221.0,6381.0
2018-04-28,39940.0,12086.0,6302.0
2018-05-05,39065.0,13780.0,6695.0
2018-05-12,39382.0,13755.0,6977.0
2018-05-19,41544.0,13953.0,6840.0
2018-05-26,37545.0,12836.0,7080.0
2018-06-02,35607.0,12227.0,6996.0
2018-06-09,40198.0,14504.0,9538.0
2018-06-16,41417.0,14167.0,7761.0
2018-06-23,46837.0,13474.0,7370.0
2018-06-30,40433.0,13599.0,7280.0
2018-07-07,35046.0,13353.0,8360.0
2018-07-14,41391.0,13703.0,7939.0
2018-07-21,39610.0,12549.0,7519.0
2018-07-28,36564.0,11737.0,6705.0
2018-08-04,37852.0,12275.0,6880.0
2018-08-11,36609.0,11658.0,6830.0
2018-08-18,37154.0,11760.0,6463.0
2018-08-25,35722.0,11956.0,6519.0
2018-09-01,35413.0,11301.0,5851.0
2018-09-08,31348.0,10838.0,5764.0
2018-09-15,33418.0,11857.0,6108.0
2018-09-22,34363.0,10994.0,5901.0
2018-09-29,33403.0,10447.0,5707.0
2018-10-06,38015.0,11980.0,7066.0
2018-10-13,40612.0,11802.0,6685.0
2018-10-20,39783.0,12422.0,10672.0
2018-10-27,38096.0,12201.0,8987.0
2018-11-03,40888.0,12808.0,7771.0
2018-11-10,45094.0,14597.0,7784.0
2018-11-17,38233.0,15133.0,6898.0
2018-11-24,33988.0,9653.0,4817.0
2018-12-01,55049.0,17035.0,7126.0
2018-12-08,47395.0,14041.0,7072.0
2018-12-15,47515.0,13461.0,6993.0
2018-12-22,48469.0,13894.0,6531.0
2018-12-29,38362.0,9090.0,5216.0
2019-01-05,38536.0,12905.0,7343.0
2019-01-12,53519.0,20493.0,10113.0
2019-01-19,48844.0,17453.0,9152.0
2019-01-26,56886.0,12479.0,8226.0
2019-02-02,48904.0,14161.0,7510.0
2019-02-09,44850.0,13526.0,7049.0
2019-02-16,43516.0,12388.0,6185.0
2019-02-23,34449.0,11766.0,5685.0
2019-03-02,41085.0,12099.0,5675.0
2019-03-09,40896.0,12760.0,6204.0
2019-03-16,41128.0,11580.0,5801.0
2019-03-23,39832.0,14382.0,5353.0
2019-03-30,38528.0,12327.0,5304.0
2019-04-06,36227.0,13093.0,6402.0
2019-04-13,39429.0,13868.0,6345.0
2019-04-20,43900.0,11439.0,5911.0
2019-04-27,40312.0,12084.0,5900.0
2019-05-04,38392.0,12748.0,6262.0
2019-05-11,39618.0,12959.0,6402.0
2019-05-18,37428.0,13807.0,6354.0
2019-05-25,38275.0,14355.0,6104.0
2019-06-01,34781.0,12773.0,5971.0
2019-06-08,41288.0,15186.0,8581.0
2019-06-15,38753.0,15081.0,7509.0
2019-06-22,44396.0,14494.0,7025.0
2019-06-29,42404.0,13655.0,6845.0
2019-07-06,35194.0,11598.0,7150.0
2019-07-13,39061.0,16144.0,7710.0
2019-07-20,39341.0,12958.0,6919.0
2019-07-27,38438.0,12265.0,6491.0
2019-08-03,36041.0,12915.0,6437.0
2019-08-10,41404.0,12816.0,6509.0
2019-08-17,35430.0,11694.0,6009.0
2019-08-24,34596.0,12619.0,6305.0
2019-08-31,34358.0,13048.0,5646.0
2019-09-07,30771.0,11500.0,5013.0
2019-09-14,34650.0,12273.0,6543.0
2019-09-21,35161.0,12440.0,5972.0
2019-09-28,33226.0,12691.0,5388.0
2019-10-05,33326.0,14146.0,6072.0
2019-10-12,40182.0,14342.0,5982.0
2019-10-19,39191.0,13058.0,5451.0
2019-10-26,41081.0,13183.0,5402.0
2019-11-02,39332.0,13861.0,5484.0
2019-11-09,45816.0,16393.0,6028.0
2019-11-16,40749.0,14335.0,5252.0
2019-11-23,49133.0,16139.0,5662.0
2019-11-30,36457.0,10359.0,3817.0
2019-12-07,48434.0,20649.0,5681.0
2019-12-14,47521.0,15037.0,5375.0
2019-12-21,49943.0,12589.0,5337.0
2019-12-28,34301.0,8947.0,3807.0
2020-01-04,36720.0,12367.0,4618.0
2020-01-11,51993.0,21902.0,6862.0
2020-01-18,64858.0,15783.0,6088.0
2020-01-25,45596.0,13070.0,5206.0
2020-02-01,43458.0,13818.0,5457.0
2020-02-08,40392.0,13869.0,5605.0
2020-02-15,43445.0,12790.0,5229.0
2020-02-22,34979.0,12047.0,4861.0
2020-02-29,41678.0,12692.0,4853.0
2020-03-07,43385.0,14355.0,5325.0
2020-03-14,57606.0,16176.0,6463.0
2020-03-21,186333.0,155426.0,74313.0
2020-03-28,1058325.0,276185.0,228484.0
2020-04-04,918814.0,315167.0,169885.0
2020-04-11,655472.0,274257.0,180419.0
2020-04-18,528360.0,280761.0,506670.0
2020-04-25,325343.0,254084.0,433103.0
2020-05-02,316257.0,243935.0,174860.0
2020-05-09,212667.0,141553.0,223082.0
2020-05-16,244431.0,134065.0,225404.0
2020-05-23,203262.0,127717.0,175411.0
2020-05-30,228634.0,106677.0,207707.0
2020-06-06,255836.0,89676.0,112161.0
2020-06-13,241424.0,94723.0,88148.0
2020-06-20,284494.0,89547.0,95683.0
2020-06-27,277362.0,96593.0,84370.0
2020-07-04,264791.0,117099.0,66941.0
2020-07-11,284914.0,105516.0,132831.0
2020-07-18,289594.0,87908.0,108976.0
2020-07-25,244653.0,76804.0,91462.0
2020-08-01,222043.0,62709.0,78286.0
2020-08-08,202509.0,52304.0,61584.0
2020-08-15,190354.0,61400.0,72774.0
2020-08-22,196916.0,52152.0,51647.0
2020-08-29,219563.0,56673.0,45590.0
2020-09-05,243404.0,65291.0,40256.0
2020-09-12,226004.0,49386.0,37265.0
2020-09-19,226179.0,48426.0,39028.0
2020-09-26,171220.0,41351.0,32373.0
2020-10-03,148213.0,42338.0,42306.0
2020-10-10,176083.0,44692.0,47904.0
2020-10-17,159876.0,45308.0,40070.0
2020-10-24,152176.0,35195.0,33542.0
2020-10-31,152480.0,37601.0,31625.0
2020-11-07,157773.0,33667.0,31403.0
2020-11-14,158825.0,38883.0,24358.0
2020-11-21,168186.0,38915.0,26931.0
2020-11-28,130383.0,24792.0,23063.0
2020-12-05,178724.0,47521.0,29142.0
2020-12-12,204388.0,38645.0,26018.0
2020-12-19,158661.0,34979.0,28609.0
2020-12-26,168732.0,31448.0,26533.0
2021-01-02,160989.0,45989.0,24697.0
2021-01-09,182625.0,64721.0,30583.0
2021-01-16,117242.0,55551.0,39226.0
2021-01-23,58226.0,53848.0,62818.0
2021-01-30,109251.0,52577.0,69140.0
2021-02-06,137939.0,47022.0,21710.0
2021-02-13,139603.0,35786.0,21564.0
2021-02-20,90465.0,36401.0,18630.0
2021-02-27,88978.0,56298.0,19020.0
2021-03-06,106771.0,49366.0,19281.0
2021-03-13,109327.0,73858.0,20340.0
2021-03-20,95996.0,81457.0,17349.0
2021-03-27,106404.0,87313.0,15716.0
2021-04-03,81373.0,83988.0,15025.0
2021-04-10,69458.0,66552.0,24402.0
2021-04-17,72875.0,46516.0,18838.0
2021-04-24,78606.0,33843.0,28017.0
2021-05-01,70760.0,30225.0,19765.0
2021-05-08,69927.0,31342.0,17555.0
2021-05-15,70282.0,27568.0,14561.0
2021-05-22,71055.0,25041.0,9882.0
2021-05-29,72003.0,21927.0,8257.0
2021-06-05,52883.0,18628.0,6552.0
2021-06-12,68014.0,21755.0,9896.0
2021-06-19,63902.0,23569.0,7667.0
2021-06-26,56259.0,19571.0,6917.0
2021-07-03,58847.0,24216.0,6739.0
2021-07-10,56925.0,34307.0,7457.0
2021-07-17,56481.0,45037.0,9970.0
2021-07-24,64491.0,33883.0,10110.0
2021-07-31,62209.0,30138.0,7718.0
2021-08-07,65476.0,31042.0,5905.0
2021-08-14,64714.0,23375.0,5432.0
2021-08-21,63346.0,20335.0,7977.0
2021-08-28,56337.0,20240.0,9700.0
2021-09-04,57546.0,20327.0,7218.0
2021-09-11,51596.0,16692.0,7761.0
2021-09-18,68814.0,16861.0,9316.0
2021-09-25,78721.0,21486.0,7713.0
2021-10-02,63988.0,19110.0,7054.0
2021-10-09,63137.0,18903.0,6215.0
2021-10-16,72885.0,16825.0,7481.0
2021-10-23,59747.0,16036.0,8788.0
2021-10-30,59255.0,15106.0,6502.0
2021-11-06,55033.0,16125.0,6217.0
2021-11-13,59723.0,15488.0,6116.0
2021-11-20,52490.0,15910.0,5831.0
2021-11-27,46877.0,10463.0,4136.0
2021-12-04,55364.0,19102.0,6212.0
2021-12-11,55938.0,15016.0,6033.0
2021-12-18,56171.0,15191.0,5160.0
2021-12-25,48851.0,11236.0,4244.0
2022-01-01,50174.0,13400.0,4299.0
2022-01-08,61469.0,23837.0,10103.0
2022-01-15,62274.0,19064.0,8593.0
2022-01-22,54196.0,15147.0,7346.0
2022-01-29,51601.0,15932.0,6680.0
2022-02-05,47354.0,14424.0,5925.0
2022-02-12,45736.0,13945.0,6044.0
2022-02-19,43554.0,13220.0,5510.0
2022-02-26,38142.0,12402.0,3328.0
2022-03-05,43612.0,13338.0,3830.0
2022-03-12,44886.0,13639.0,3910.0
2022-03-19,39055.0,13160.0,4866.0
2022-03-26,42311.0,15411.0,4701.0
2022-04-02,43393.0,12924.0,5167.0
2022-04-09,46608.0,15541.0,6619.0
2022-04-16,46300.0,13211.0,5668.0
2022-04-23,43440.0,13096.0,5240.0
2022-04-30,40624.0,12977.0,5221.0
2022-05-07,43670.0,13429.0,4475.0
2022-05-14,45638.0,13890.0,5104.0
2022-05-21,39519.0,14316.0,5218.0
2022-05-28,41430.0,14219.0,3698.0
2022-06-04,41233.0,14431.0,5796.0
2022-06-11,45184.0,15256.0,7035.0
2022-06-18,43995.0,16606.0,6500.0
2022-06-25,41491.0,14532.0,6318.0
2022-07-02,44314.0,15024.0,6155.0
2022-07-09,40513.0,15332.0,7267.0
2022-07-16,43194.0,16746.0,7858.0
2022-07-23,40072.0,15002.0,6901.0
2022-07-30,39677.0,14117.0,6140.0
2022-08-06,42436.0,14840.0,5998.0
2022-08-13,39251.0,14223.0,6074.0
2022-08-20,37121.0,14228.0,5809.0
2022-08-27,36319.0,13998.0,5366.0
2022-09-03,36558.0,14561.0,5472.0
2022-09-10,33494.0,12068.0,5215.0
2022-09-17,34624.0,12518.0,5833.0
2022-09-24,34359.0,12316.0,5472.0
2022-10-01,35612.0,12118.0,4269.0
2022-10-08,40608.0,14500.0,14934.0
2022-10-15,37791.0,12924.0,11341.0
2022-10-22,38081.0,12991.0,9337.0
2022-10-29,40070.0,13057.0,7803.0
2022-11-05,43483.0,15472.0,7412.0
2022-11-12,43267.0,14381.0,6110.0
2022-11-19,47690.0,15862.0,6534.0
2022-11-26,36495.0,11251.0,4109.0
2022-12-03,51801.0,19890.0,6393.0
2022-12-10,46971.0,15936.0,6035.0
2022-12-17,44703.0,14995.0,5669.0
2022-12-24,41460.0,13540.0,4579.0
2022-12-31,42383.0,10288.0,4238.0
2023-01-07,59830.0,20466.0,7447.0
2023-01-14,63697.0,17945.0,7121.0
2023-01-21,48115.0,15487.0,5557.0
2023-01-28,45564.0,15806.0,5866.0
2023-02-04,52384.0,14947.0,6434.0
2023-02-11,48087.0,15649.0,5887.0
2023-02-18,43381.0,14540.0,5353.0
2023-02-25,40537.0,13114.0,5293.0
2023-03-04,50455.0,14183.0,4865.0
2023-03-11,47643.0,14514.0,5461.0
2023-03-18,44830.0,13954.0,5078.0
2023-03-25,46783.0,15764.0,5129.0
2023-04-01,39950.0,14466.0,5096.0
2023-04-08,50590.0,17447.0,6278.0
2023-04-15,46134.0,14646.0,5535.0
2023-04-22,42380.0,14467.0,5093.0
2023-04-29,43095.0,14282.0,5610.0
2023-05-06,45092.0,15989.0,5897.0
2023-05-13,44823.0,16093.0,5869.0
2023-05-20,44348.0,18901.0,5879.0
2023-05-27,43577.0,20130.0,5765.0
2023-06-03,47680.0,19513.0,5376.0
2023-06-10,48068.0,26840.0,6921.0
2023-06-17,54347.0,28476.0,6463.0
2023-06-24,43391.0,19514.0,6109.0
2023-07-01,44719.0,16388.0,5930.0
2023-07-08,45162.0,15719.0,5431.0
2023-07-15,49037.0,16986.0,6474.0
2023-07-22,43727.0,15498.0,6126.0
2023-07-29,40619.0,14396.0,6659.0
2023-08-05,42982.0,16633.0,6249.0
2023-08-12,39023.0,14992.0,5754.0
2023-08-19,37940.0,14864.0,5711.0
2023-08-26,37862.0,14198.0,5393.0
2023-09-02,38418.0,13858.0,4812.0
2023-09-09,36538.0,12465.0,5595.0
2023-09-16,35040.0,13452.0,5898.0
2023-09-23,37752.0,12968.0,5413.0
2023-09-30,38954.0,13421.0,5418.0
2023-10-07,42803.0,16300.0,6790.0
2023-10-14,40753.0,13192.0,6021.0
2023-10-21,40579.0,14336.0,6052.0
2023-10-28,41421.0,14666.0,5750.0
2023-11-04,44331.0,16188.0,5659.0
2023-11-11,44350.0,17535.0,5979.0
2023-11-18,51701.0,16639.0,6268.0
2023-11-25,37478.0,11079.0,4034.0
2023-12-02,50956.0,19400.0,6183.0
2023-12-09,47338.0,15685.0,6170.0
2023-12-16,43504.0,15192.0,5713.0
2023-12-23,48415.0,13980.0,5489.0
2023-12-30,40353.0,8159.0,4081.0
2024-01-06,49807.0,17496.0,6078.0
2024-01-13,51756.0,19929.0,7103.0
2024-01-20,47124.0,14293.0,5803.0
2024-01-27,52139.0,15193.0,5887.0
2024-02-03,47827.0,16707.0,6286.0
2024-02-10,49880.0,15276.0,6292.0
2024-02-17,40900.0,14253.0,5768.0
2024-02-24,41211.0,13132.0,5016.0
2024-03-02,46760.0,15234.0,5799.0
2024-03-09,47222.0,15626.0,5944.0
2024-03-16,41428.0,14770.0,5351.0
2024-03-23,40890.0,17044.0,5254.0
2024-03-30,43037.0,13796.0,5408.0
2024-04-06,42406.0,15319.0,6385.0
2024-04-13,44811.0,15075.0,6215.0
2024-04-20,45027.0,15525.0,6351.0
2024-04-27,39944.0,14387.0,5989.0
2024-05-04,43539.0,15640.0,5893.0
2024-05-11,42350.0,15717.0,7224.0
2024-05-18,39890.0,16515.0,6612.0
2024-05-25,38825.0,16709.0,6276.0
2024-06-01,40799.0,14887.0,7060.0
2024-06-08,50592.0,17196.0,8900.0
2024-06-15,46294.0,18213.0,7766.0
2024-06-22,45068.0,15718.0,7307.0
2024-06-29,46546.0,15605.0,6901.0
2024-07-06,40874.0,13796.0,6552.0
2024-07-13,47158.0,25723.0,7955.0
2024-07-20,41832.0,31685.0,7059.0
2024-07-27,40787.0,25078.0,5472.0
2024-08-03,41481.0,19898.0,5338.0
2024-08-10,38896.0,18460.0,5562.0
2024-08-17,39875.0,16508.0,7715.0
2024-08-24,38910.0,14993.0,6402.0
2024-08-31,38077.0,13597.0,6081.0
2024-09-07,36707.0,13341.0,6005.0
2024-09-14,37815.0,15557.0,6696.0
2024-09-21,37950.0,14107.0,6454.0
2024-09-28,38588.0,13575.0,5535.0
2024-10-05,42656.0,14894.0,9556.0
2024-10-12,42742.0,15780.0,6299.0
2024-10-19,40730.0,13915.0,10800.0
2024-10-26,38854.0,14672.0,8371.0
2024-11-02,42679.0,15309.0,6841.0
2024-11-09,48585.0,16584.0,6660.0
2024-11-16,43497.0,15424.0,6280.0
2024-11-23,48070.0,16936.0,6360.0
2024-11-30,37957.0,10940.0,3987.0
2024-12-07,52368.0,20951.0,6299.0
2024-12-14,47089.0,15546.0,6049.0
2024-12-21,48883.0,15338.0,5166.0
2024-12-28,39620.0,6987.0,3475.0
2025-01-04,41513.0,12799.0,5018.0
2025-01-11,54244.0,24238.0,7525.0
2025-01-18,59969.0,16915.0,6778.0
2025-01-25,45966.0,14563.0,5747.0
2025-02-01,49384.0,15361.0,5962.0
2025-02-08,50545.0,16222.0,6778.0
2025-02-15,45015.0,15718.0,5797.0
2025-02-22,42358.0,14541.0,5913.0
2025-03-01,42062.0,16315.0,5566.0
2025-03-08,46342.0,17785.0,5922.0
2025-03-15,42717.0,19243.0,5684.0
2025-03-22,40891.0,17469.0,5614.0
2025-03-29,41226.0,16704.0,5587.0
2025-04-05,46636.0,16791.0,6692.0
2025-04-12,43340.0,17215.0,6831.0
2025-04-19,42114.0,15319.0,6060.0
2025-04-26,41488.0,15506.0,5842.0
2025-05-03,42675.0,16436.0,6426.0
2025-05-10,40814.0,16720.0,6724.0
2025-05-17,40128.0,16890.0,6177.0
2025-05-24,41169.0,16289.0,7154.0
2025-05-31,40196.0,15825.0,5698.0
2025-06-07,49126.0,19180.0,8786.0
2025-06-14,47193.0,19333.0,7612.0
2025-06-21,46498.0,16914.0,6516.0
2025-06-28,43676.0,16393.0,7060.0
2025-07-05,45119.0,15230.0,6188.0
2025-07-12,46380.0,18214.0,7335.0
2025-07-19,41762.0,18638.0,6331.0
2025-07-26,40588.0,15918.0,6347.0
2025-08-02,39664.0,16920.0,6252.0
2025-08-09,40405.0,16861.0,6448.0
2025-08-16,38115.0,15776.0,6143.0
2025-08-23,37834.0,17006.0,6177.0
2025-08-30,38816.0,16604.0,5721.0
2025-09-06,37114.0,31950.0,5803.0
2025-09-13,35975.0,27033.0,6075.0
2025-09-20,37413.0,20223.0,5747.0
2025-09-27,37670.0,16390.0,5609.0
2025-10-04,41254.0,17468.0,6075.0
2025-10-11,43219.0,16474.0,6340.0
2025-10-18,43065.0,16742.0,5561.0
2025-10-25,40731.0,17447.0,5485.0
2025-11-01,41048.0,15529.0,4952.0
2025-11-08,47776.0,18630.0,5833.0
2025-11-15,45489.0,18729.0,5284.0
2025-11-22,53386.0,19483.0,5946.0
2025-11-29,33542.0,11647.0,3761.0
2025-12-06,47800.0,19853.0,6189.0
2025-12-13,46981.0,16334.0,5498.0
2025-12-20,47248.0,16723.0,5303.0
2025-12-27,40734.0,8772.0,3322.0
2026-01-03,45034.0,14095.0,4205.0
2026-01-10,50227.0,22802.0,7146.0
2026-01-17,55731.0,18362.0,6546.0
2026-01-24,43200.0,16175.0,5744.0
2026-01-31,43944.0,15658.0,5645.0
2026-02-07,45306.0,18250.0,5800.0
2026-02-14,42920.0,15882.0,5884.0
2026-02-21,42563.0,14698.0,5608.0
2026-02-28,41759.0,15662.0,5084.0
2026-03-07,42670.0,15617.0,5641.0
2026-03-14,38273.0,15590.0,5450.0
2026-03-21,37819.0,15536.0,5398.0
2026-03-28,38010.0,17488.0,5110.0
2026-04-04,40140.0,16189.0,5584.0
2026-04-11,40874.0,17263.0,6387.0
2026-04-18,42464.0,16233.0,5659.0
2026-04-25,37787.0,15030.0,5587.0
